-0.593303918838501,-0.0338134765625,0.4518585205078125,0.6673965454101562,-0.6533203125,0.24747848510742188,0.0703125,-1.163055419921875,0.30521392822265625,-1.1035566329956055,0.2932891845703125,0.12819671630859375,-1.2142009735107422,-0.30431365966796875,0.16295242309570312,0.1703319549560547,-0.578277587890625,0.21354293823242188
-0.8606547117233276,0.10472869873046875,0.6641368865966797,0.7480792999267578,-0.91326904296875,0.5345382690429688,0.092193603515625,-1.46051025390625,0.5879478454589844,-1.2637944221496582,0.345916748046875,0.37750244140625,-1.4322929382324219,-0.36731719970703125,0.444854736328125,0.25986480712890625,-0.78216552734375,0.4956092834472656
-0.6519609689712524,0.24974822998046875,0.402984619140625,0.6701755523681641,-0.9713287353515625,0.3726768493652344,-0.054210662841796875,-1.4664154052734375,0.45410919189453125,-0.847355842590332,0.4013824462890625,0.3083343505859375,-0.9980697631835938,-0.132171630859375,0.35645294189453125,0.26618003845214844,-0.5110015869140625,0.3079109191894531
-0.3187204599380493,-0.00653076171875,0.1642608642578125,0.5102367401123047,-0.8925323486328125,0.07105255126953125,-0.19362640380859375,-1.2964935302734375,0.1965789794921875,-0.5866909027099609,0.29245758056640625,0.05181121826171875,-0.6819095611572266,0.00203704833984375,0.10060882568359375,0.008365631103515625,-0.237518310546875,-0.008281707763671875
-0.8745209574699402,0.48628997802734375,0.2061786651611328,0.8553733825683594,-1.600128173828125,0.1982269287109375,-0.15679550170898438,-2.251007080078125,0.35170745849609375,-1.1100010871887207,0.6669998168945312,0.15391159057617188,-1.370889663696289,-0.0549163818359375,0.24298858642578125,0.369720458984375,-0.7133636474609375,0.09986495971679688
-1.1549842357635498,0.5928421020507812,0.44429588317871094,0.980194091796875,-2.2663116455078125,0.4354400634765625,-0.25547027587890625,-2.9853439331054688,0.631103515625,-1.5223095417022705,0.912872314453125,0.3004646301269531,-1.9409589767456055,-0.041473388671875,0.4501190185546875,0.3814220428466797,-1.083160400390625,0.2991981506347656
-1.0642622709274292,0.6836090087890625,0.4296760559082031,0.8292732238769531,-2.332550048828125,0.4565544128417969,-0.31806182861328125,-2.8732070922851562,0.6588211059570312,-1.3641551733016968,1.1546630859375,0.3608055114746094,-1.8721628189086914,0.2350921630859375,0.44904327392578125,0.2702045440673828,-0.9168243408203125,0.28234100341796875
-1.1772844791412354,0.0357208251953125,0.044704437255859375,0.7374229431152344,-2.9135894775390625,0.5248794555664062,-0.5508155822753906,-3.337310791015625,0.67437744140625,-1.5596343278884888,0.07810211181640625,0.073974609375,-2.08551025390625,-0.7366561889648438,0.2774238586425781,-0.07114028930664062,-1.973388671875,0.35388946533203125
-1.3030738830566406,-0.6216049194335938,-0.4308586120605469,0.6349449157714844,-3.147857666015625,0.4301910400390625,-0.9095191955566406,-3.4932861328125,0.3644828796386719,-1.7849030494689941,-1.2523422241210938,-0.3381462097167969,-2.470513343811035,-2.209930419921875,-0.24902725219726562,-0.2355480194091797,-3.7312469482421875,0.376800537109375
-0.6678347587585449,-0.46903228759765625,-0.2983207702636719,0.5300865173339844,-2.5517959594726562,0.3042411804199219,-0.6241226196289062,-2.7087783813476562,0.37140655517578125,-1.1435868740081787,-0.4952850341796875,-0.25431060791015625,-1.597581386566162,-0.948577880859375,0.025485992431640625,-0.33969879150390625,-2.0465850830078125,0.142669677734375
-0.3281698226928711,0.5705108642578125,0.4680919647216797,0.14202499389648438,-1.7674026489257812,0.5003623962402344,-0.6913414001464844,-1.8025283813476562,0.5737380981445312,-0.5844049453735352,1.0369415283203125,0.2619132995605469,-1.027571678161621,0.6178207397460938,0.523284912109375,0.19054222106933594,-0.5926361083984375,0.3093147277832031
-0.004332542419433594,-0.1621551513671875,0.4107322692871094,0.006977081298828125,-1.26806640625,0.36397552490234375,-0.4405860900878906,-1.2170639038085938,0.4090766906738281,-0.1961345672607422,0.22092437744140625,0.19562530517578125,-0.3864865303039551,0.08052825927734375,0.3746795654296875,0.09594535827636719,-0.4331207275390625,0.20609283447265625
0.09057092666625977,-0.29854583740234375,0.3908843994140625,0.1013031005859375,-1.1655120849609375,0.3039817810058594,-0.35601806640625,-1.157989501953125,0.3710746765136719,0.08402681350708008,0.21401214599609375,0.6115036010742188,-0.1808338165283203,-0.06523895263671875,0.3373870849609375,0.1609516143798828,-0.4518280029296875,0.17551040649414062
0.1433577537536621,-0.43738555908203125,0.5705242156982422,0.159912109375,-1.0071182250976562,0.2834625244140625,-0.21191024780273438,-0.9959182739257812,0.340576171875,0.2388768196105957,0.24051666259765625,0.8513298034667969,-0.1588292121887207,-0.141632080078125,0.2610321044921875,0.07589912414550781,-0.4156036376953125,0.16004180908203125
0.22846078872680664,-0.6438827514648438,0.9059925079345703,0.2627830505371094,-0.9280548095703125,0.2936668395996094,-0.07145309448242188,-0.8615341186523438,0.3159523010253906,0.22313547134399414,0.213226318359375,0.79632568359375,-0.11947345733642578,-0.0440673828125,0.48270416259765625,0.05181884765625,-0.42950439453125,0.16007232666015625
0.21040010452270508,-0.48300933837890625,0.7333106994628906,0.24906158447265625,-0.782012939453125,0.262451171875,-0.016498565673828125,-0.7132110595703125,0.2686882019042969,0.23451995849609375,0.1334686279296875,0.6691360473632812,-0.031572818756103516,-0.03448486328125,0.530975341796875,0.08387184143066406,-0.400909423828125,0.14813995361328125
0.23796939849853516,-0.4162445068359375,0.7447185516357422,0.20085525512695312,-0.6353378295898438,0.22300338745117188,0.03524017333984375,-0.5294952392578125,0.20293426513671875,0.311521053314209,0.1802825927734375,0.7561378479003906,0.029335498809814453,-0.01168060302734375,0.5032730102539062,0.10052871704101562,-0.3223419189453125,0.11769485473632812
0.20472478866577148,-0.502105712890625,1.0051097869873047,0.11452102661132812,-0.480560302734375,0.171478271484375,0.08847808837890625,-0.3493499755859375,0.13000106811523438,0.3293182849884033,0.27538299560546875,0.8420944213867188,0.034020423889160156,0.05129241943359375,0.4891204833984375,0.07111740112304688,-0.22802734375,0.08325958251953125
0.2436070442199707,-0.34030914306640625,1.6465625762939453,0.073028564453125,-0.33929443359375,0.12563323974609375,0.10146713256835938,-0.205780029296875,0.07712936401367188,0.26360297203063965,0.263641357421875,0.7061614990234375,-0.004523277282714844,0.10155487060546875,0.46642303466796875,0.048236846923828125,-0.1453704833984375,0.0525360107421875
0.26521825790405273,-0.26938629150390625,1.8017616271972656,0.0948944091796875,-0.11959075927734375,0.08462905883789062,0.1173095703125,-0.01096343994140625,0.038150787353515625,0.21933484077453613,0.24098968505859375,0.6356201171875,0.07027673721313477,0.12769317626953125,0.5600204467773438,0.0071086883544921875,-0.0673370361328125,0.040019989013671875
0.3711390495300293,0.49849700927734375,1.949666976928711,0.3448028564453125,0.201904296875,0.7307167053222656,0.40250396728515625,0.29467010498046875,0.7457427978515625,0.4938981533050537,1.397613525390625,1.4781570434570312,0.17428970336914062,1.0703582763671875,1.092559814453125,0.23989105224609375,0.7685699462890625,0.6080207824707031
0.3720564842224121,0.7957000732421875,1.4475517272949219,0.17123031616210938,0.704559326171875,0.8794822692871094,0.2806243896484375,0.7874603271484375,0.8847007751464844,0.5188994407653809,1.5011444091796875,1.6825485229492188,0.5108432769775391,1.3517913818359375,1.5615768432617188,0.29044342041015625,1.1116180419921875,0.8010673522949219
0.25086164474487305,-0.22107696533203125,0.77154541015625,0.13872146606445312,0.7513504028320312,0.330078125,0.4279327392578125,0.8551712036132812,0.2610588073730469,0.12360835075378418,0.183837890625,0.7945632934570312,0.32788562774658203,0.29866790771484375,0.907928466796875,-0.19569969177246094,0.4688873291015625,0.337158203125
0.17841577529907227,-0.281158447265625,0.9305686950683594,0.09873199462890625,0.8771209716796875,0.10791015625,0.3561515808105469,0.9717330932617188,0.027252197265625,0.013812065124511719,0.10784149169921875,0.28186798095703125,0.258120059967041,0.2895050048828125,0.515289306640625,-0.1558361053466797,0.4640655517578125,0.14202117919921875
0.4668762683868408,-0.6217422485351562,0.9479827880859375,0.06069183349609375,1.2141647338867188,0.21320724487304688,0.5945167541503906,1.3483734130859375,0.12546920776367188,0.12899184226989746,-0.39630889892578125,0.319610595703125,0.5536384582519531,-0.0648345947265625,0.44683837890625,-0.2578620910644531,0.6666259765625,0.2561492919921875
0.6440391540527344,-0.8638687133789062,0.771697998046875,-0.0241851806640625,1.3184814453125,0.18105316162109375,0.7113380432128906,1.5318756103515625,0.07435226440429688,0.25866198539733887,-0.7300872802734375,0.42217254638671875,0.7525634765625,-0.37413787841796875,0.3092193603515625,-0.35520172119140625,0.6603851318359375,0.23212051391601562
0.5069543123245239,-0.8174896240234375,0.45948028564453125,-0.18532943725585938,1.2246627807617188,0.09955978393554688,0.5208473205566406,1.4675064086914062,-0.033374786376953125,0.1664106845855713,-0.8295211791992188,0.29332733154296875,0.5897231101989746,-0.48606109619140625,0.21160888671875,-0.4022083282470703,0.376556396484375,0.18320846557617188
0.782262921333313,-1.0563735961914062,0.3712158203125,-0.16843414306640625,1.4787826538085938,-0.01355743408203125,0.7338027954101562,1.8084716796875,-0.15872573852539062,0.3020850419998169,-1.1253433227539062,0.1067962646484375,0.836359977722168,-0.6207504272460938,0.06520843505859375,-0.4835071563720703,0.4507904052734375,0.07854080200195312
1.1184513568878174,-1.3546905517578125,0.2425079345703125,-0.2505760192871094,1.6951370239257812,-0.10207748413085938,0.7814826965332031,2.1123733520507812,-0.24053573608398438,0.4737895131111145,-1.4753875732421875,-0.03969573974609375,1.111342430114746,-0.7763824462890625,-0.05109405517578125,-0.62890625,0.4918670654296875,-0.0053558349609375
1.405104398727417,-1.630035400390625,0.24926376342773438,-0.5725822448730469,1.53778076171875,-0.2853507995605469,0.5753326416015625,2.0982513427734375,-0.43242645263671875,0.8089067339897156,-1.6572647094726562,-0.0953826904296875,1.4562854766845703,-0.8536300659179688,-0.14960479736328125,-0.5596733093261719,0.3916473388671875,-0.17789840698242188
1.8562662601470947,-1.6894378662109375,0.19612503051757812,-0.699066162109375,1.751495361328125,-0.2998619079589844,0.5430183410644531,2.4464187622070312,-0.4385948181152344,1.1461485624313354,-1.7674560546875,-0.10021209716796875,1.8357667922973633,-0.7755203247070312,-0.17810821533203125,-0.6245098114013672,0.502716064453125,-0.18809890747070312
6.406608581542969,-5.893806457519531,-0.30406951904296875,-3.0726089477539062,4.4770965576171875,-1.1393013000488281,-0.018848419189453125,7.293701171875,-1.6502838134765625,3.894975185394287,-6.837921142578125,-1.26727294921875,5.454192161560059,-3.5547866821289062,-1.5699462890625,-2.4169979095458984,-0.77734375,-0.8027915954589844
2.7786149978637695,-1.7070846557617188,-0.2945060729980469,-1.2402782440185547,1.3640594482421875,-0.18294525146484375,-0.38558197021484375,2.512115478515625,-0.2971954345703125,1.9088454246520996,-2.3953018188476562,-0.35567474365234375,2.2911643981933594,-1.0002899169921875,-0.404815673828125,-0.9241275787353516,-0.4663543701171875,-0.10498809814453125
3.7472972869873047,-1.5806427001953125,-0.217926025390625,-2.0068016052246094,1.49945068359375,-0.2919044494628906,-1.0514869689941406,2.91436767578125,-0.384552001953125,2.9379782676696777,-2.4561614990234375,-0.21614837646484375,3.2403221130371094,-0.521209716796875,-0.256439208984375,-1.083883285522461,-0.369842529296875,-0.145111083984375
1.9437255859375,-0.5829010009765625,-0.4306449890136719,-2.170370101928711,0.8284759521484375,-0.24971771240234375,-1.4703559875488281,2.0753936767578125,-0.37109375,2.1707515716552734,-1.25885009765625,-0.03050994873046875,2.245716094970703,0.11710357666015625,-0.09792327880859375,-0.7261199951171875,-0.11993408203125,-0.10000991821289062
2.1811180114746094,-0.678802490234375,0.033351898193359375,-2.040050506591797,0.4173431396484375,0.1333465576171875,-1.4216728210449219,1.6974029541015625,0.04964447021484375,2.259697914123535,-1.1933517456054688,0.35593414306640625,2.203275680541992,0.1957855224609375,0.3531036376953125,-0.6859626770019531,-0.3083038330078125,0.281005859375
1.9388389587402344,-0.43189239501953125,0.2775077819824219,-1.97003173828125,0.1434326171875,0.06910324096679688,-1.4723777770996094,1.205963134765625,0.012744903564453125,1.890420913696289,-0.7785797119140625,0.320220947265625,1.7296772003173828,0.42235565185546875,0.365814208984375,-0.6717090606689453,-0.2130279541015625,0.21626663208007812
1.3601741790771484,-0.23868560791015625,0.24873733520507812,-1.6415023803710938,-0.0686798095703125,0.016510009765625,-1.358642578125,0.602325439453125,-0.0348052978515625,1.3456783294677734,-0.50177001953125,0.18065643310546875,1.1621761322021484,0.39031982421875,0.26998138427734375,-0.5123519897460938,-0.1661376953125,0.13787460327148438
-0.2521648406982422,0.49126434326171875,-0.9663887023925781,-1.2854251861572266,0.02008056640625,-0.043247222900390625,-1.0901336669921875,0.1715240478515625,-0.0605926513671875,1.6649532318115234,-0.05664825439453125,0.334228515625,1.4344520568847656,0.8664627075195312,0.37346649169921875,-0.2947044372558594,0.13433837890625,0.09492874145507812
0.5893211364746094,0.1191558837890625,-0.5700035095214844,-1.15045166015625,-0.31414794921875,0.009151458740234375,-0.938079833984375,0.02374267578125,0.004451751708984375,1.9100265502929688,-0.1259918212890625,0.3792724609375,1.5988922119140625,0.8411102294921875,0.37223052978515625,-0.2768878936767578,-0.0777435302734375,0.12590408325195312
-1.7068634033203125,0.57159423828125,-1.2965126037597656,-1.2968254089355469,-1.1486663818359375,0.20077133178710938,-1.124481201171875,-0.5160980224609375,0.17594146728515625,1.9859504699707031,-0.179107666015625,0.6184616088867188,1.5612525939941406,0.8432846069335938,0.6026840209960938,-0.44387245178222656,-0.3199310302734375,0.2970924377441406
0.6391029357910156,-0.5408401489257812,0.51641845703125,-1.3787384033203125,-2.1935882568359375,1.1183280944824219,-1.2381114959716797,-1.035125732421875,1.14141845703125,2.587015151977539,-0.3748321533203125,1.5470123291015625,1.8460426330566406,1.0097503662109375,1.58599853515625,-0.8663311004638672,-0.8646392822265625,1.2088279724121094
0.7896022796630859,-0.6442489624023438,0.4824943542480469,-0.9788961410522461,-1.913330078125,0.5656890869140625,-0.9138813018798828,-1.2122344970703125,0.5350990295410156,1.829935073852539,-0.1048126220703125,0.968536376953125,1.2909049987792969,0.725555419921875,0.8785171508789062,-0.3952178955078125,-0.6568145751953125,0.6179046630859375
0.18906211853027344,-0.3078765869140625,0.2848052978515625,-0.5652332305908203,-1.0816192626953125,0.21759033203125,-0.47878265380859375,-0.856689453125,0.18537521362304688,0.8651542663574219,0.1096954345703125,0.47272491455078125,0.604736328125,0.47681427001953125,0.4322509765625,-0.09616470336914062,-0.1756744384765625,0.24886322021484375
0.2568683624267578,-0.44579315185546875,0.09906005859375,-0.4541902542114258,-0.9844512939453125,0.01546478271484375,-0.39197349548339844,-0.8512115478515625,-0.033050537109375,0.7434253692626953,-0.10746002197265625,0.16783905029296875,0.560302734375,0.15581512451171875,0.114013671875,0.049388885498046875,-0.3271942138671875,0.02907562255859375
0.39281654357910156,-0.59375,0.22344207763671875,-0.3341655731201172,-1.0356597900390625,0.12794113159179688,-0.2722206115722656,-0.916290283203125,0.11765289306640625,0.6609153747558594,-0.300018310546875,0.24205780029296875,0.4634971618652344,-0.01808929443359375,0.22028350830078125,-0.061725616455078125,-0.533416748046875,0.146881103515625
0.5704860687255859,-0.577178955078125,0.5874710083007812,-0.3882589340209961,-1.2916412353515625,0.38698577880859375,-0.358245849609375,-1.055877685546875,0.3719825744628906,0.7230434417724609,-0.18175506591796875,0.5046844482421875,0.4270591735839844,0.17853546142578125,0.544586181640625,-0.20792770385742188,-0.5054931640625,0.39153289794921875
0.1459674835205078,-0.459686279296875,0.3619651794433594,-0.4114084243774414,-0.928955078125,0.24782943725585938,-0.3913230895996094,-0.9025726318359375,0.16769790649414062,0.5257682800292969,-0.1838531494140625,0.23406219482421875,0.4291954040527344,-0.05767059326171875,0.20185089111328125,0.15071678161621094,-0.3105926513671875,0.22133636474609375
0.011377334594726562,-0.28092193603515625,0.225433349609375,-0.3149909973144531,-0.6710205078125,0.11255645751953125,-0.2991657257080078,-0.703369140625,0.0320281982421875,0.3578929901123047,-0.0243682861328125,0.15996551513671875,0.352996826171875,0.0275421142578125,0.0543060302734375,0.197265625,-0.1038970947265625,0.07709503173828125
-0.15856552124023438,-0.343353271484375,0.44875335693359375,-0.2990865707397461,-0.7276992797851562,0.3203697204589844,-0.2704944610595703,-0.7025604248046875,0.2535972595214844,0.1529216766357422,-0.13973236083984375,0.2878265380859375,0.10251235961914062,-0.0813446044921875,0.3480377197265625,0.05156707763671875,-0.1593780517578125,0.2853240966796875
-0.17568016052246094,-0.32630157470703125,0.438568115234375,-0.22293663024902344,-0.699462890625,0.3073577880859375,-0.19437408447265625,-0.6825103759765625,0.248870849609375,0.10423088073730469,-0.1375732421875,0.25186920166015625,0.07320404052734375,-0.1046142578125,0.31880950927734375,0.04826164245605469,-0.1428985595703125,0.269317626953125
-0.2804737091064453,-0.35372161865234375,0.3130226135253906,-0.1814432144165039,-0.5401687622070312,0.2238922119140625,-0.12702560424804688,-0.607391357421875,0.1805267333984375,-0.029485702514648438,-0.2344818115234375,0.227142333984375,0.02414703369140625,-0.272979736328125,0.1900177001953125,0.07872200012207031,-0.19287109375,0.196990966796875
-0.3747692108154297,-0.38912200927734375,0.4304389953613281,-0.10643959045410156,-0.5218048095703125,0.3185539245605469,-0.029323577880859375,-0.6828765869140625,0.2906036376953125,-0.1437835693359375,-0.28122711181640625,0.38790130615234375,-0.04865264892578125,-0.36685943603515625,0.342132568359375,0.11342430114746094,-0.2054595947265625,0.296417236328125
-0.8264312744140625,-0.5356292724609375,0.7077827453613281,-0.0793304443359375,-0.5811309814453125,0.5755958557128906,0.008401870727539062,-0.9021759033203125,0.5370559692382812,-0.46808815002441406,-0.521209716796875,0.5973052978515625,-0.2636909484863281,-0.7403411865234375,0.6191024780273438,0.21496009826660156,-0.2768402099609375,0.5422134399414062
-1.4620914459228516,-0.490020751953125,0.8388442993164062,0.04120063781738281,-0.4188385009765625,0.7637462615966797,0.15924072265625,-0.9609832763671875,0.7659454345703125,-1.0384521484375,-0.6996307373046875,0.8019866943359375,-0.68768310546875,-1.09051513671875,0.8578872680664062,0.16988182067871094,-0.2930755615234375,0.7507858276367188
-1.1015186309814453,-0.17671966552734375,0.5570869445800781,0.20407772064208984,-0.27867889404296875,0.4881877899169922,0.3047351837158203,-0.6894302368164062,0.5240631103515625,-0.8759479522705078,-0.32683563232421875,0.6395034790039062,-0.6107139587402344,-0.6385421752929688,0.655853271484375,0.08325767517089844,-0.0692596435546875,0.487884521484375
-1.1479873657226562,0.0584564208984375,0.2683563232421875,0.17844867706298828,-0.16051483154296875,0.3563652038574219,0.2585315704345703,-0.529296875,0.3824195861816406,-0.7379798889160156,-0.18868255615234375,0.47704315185546875,-0.478546142578125,-0.494049072265625,0.4451446533203125,0.11157417297363281,0.0140533447265625,0.35268402099609375
-1.955953598022461,0.04293060302734375,0.8028297424316406,0.12528514862060547,-0.2537841796875,0.37580108642578125,0.23305892944335938,-1.150787353515625,0.36727142333984375,-1.7951889038085938,-0.27101898193359375,0.633453369140625,-1.2301521301269531,-1.06292724609375,0.5852813720703125,0.4338645935058594,0.148712158203125,0.32637786865234375
-1.4672069549560547,0.08068084716796875,0.45323944091796875,0.11265850067138672,-0.01949310302734375,0.24470138549804688,0.1623821258544922,-0.7084197998046875,0.2773857116699219,-1.577615737915039,-0.29096221923828125,0.36504364013671875,-1.1637229919433594,-0.9332962036132812,0.34883880615234375,0.1359405517578125,-0.035003662109375,0.243621826171875
-1.0930871963500977,0.13132476806640625,0.4817466735839844,0.12973499298095703,2.288818359375e-05,0.11535835266113281,0.09789657592773438,-0.7059326171875,0.15409088134765625,-1.5495491027832031,-0.09339141845703125,0.27809906005859375,-1.1767921447753906,-0.738677978515625,0.235015869140625,0.11223983764648438,0.0541534423828125,0.10884857177734375
-0.8521490097045898,0.06180572509765625,0.7798881530761719,0.22928524017333984,0.1032867431640625,0.08660697937011719,0.10867691040039062,-0.7874832153320312,0.173919677734375,-1.9495372772216797,0.0880584716796875,0.3400115966796875,-1.54345703125,-0.7475509643554688,0.2264862060546875,0.01276397705078125,0.1221923828125,0.0925140380859375
-1.1812448501586914,0.16339111328125,0.6386489868164062,0.3256950378417969,0.224822998046875,0.06672096252441406,0.102447509765625,-0.7590179443359375,0.18378448486328125,-2.3569583892822266,0.14385223388671875,0.2657928466796875,-1.9611129760742188,-0.831512451171875,0.2017669677734375,-0.09768295288085938,0.0861053466796875,0.08910369873046875
-2.373385429382324,0.48509979248046875,0.7365570068359375,0.5139150619506836,0.16699981689453125,0.15523147583007812,0.09946441650390625,-1.0943756103515625,0.306976318359375,-3.139801025390625,0.33541107177734375,0.301544189453125,-2.7504940032958984,-0.8978118896484375,0.4079132080078125,-0.114715576171875,0.0878143310546875,0.169281005859375
-3.214482307434082,0.8251876831054688,0.6583633422851562,0.5033340454101562,-0.05762481689453125,0.17290687561035156,-0.11112213134765625,-1.494476318359375,0.3634529113769531,-3.6033592224121094,0.7418746948242188,0.347747802734375,-3.2853145599365234,-0.6949615478515625,0.46831512451171875,-0.18688392639160156,0.1358184814453125,0.1659698486328125
-3.994133949279785,1.084075927734375,0.3399696350097656,0.14500141143798828,-0.17771148681640625,0.13256263732910156,-0.8061180114746094,-1.8052902221679688,0.3240852355957031,-3.9809350967407227,0.8892822265625,0.2344207763671875,-3.7934951782226562,-0.7255020141601562,0.32566070556640625,-0.3564891815185547,-0.1227264404296875,0.119598388671875
-4.217101097106934,1.4191436767578125,0.5044517517089844,-0.40216064453125,-0.47077178955078125,0.10539436340332031,-1.7625961303710938,-2.159698486328125,0.2752571105957031,-3.878480911254883,1.2666015625,0.30690765380859375,-3.918832778930664,-0.5279998779296875,0.2496185302734375,-0.37241172790527344,-0.2940216064453125,0.05229949951171875
-4.582096099853516,3.0575180053710938,1.1681327819824219,0.2840461730957031,-0.8944091796875,0.07723808288574219,-1.4109115600585938,-2.6715011596679688,0.4752960205078125,-4.63767147064209,3.3736343383789062,0.453216552734375,-4.998620986938477,1.1277694702148438,0.6182861328125,-0.2146129608154297,0.6396484375,-0.05181884765625
-4.639972686767578,3.416961669921875,0.9177322387695312,-0.9266290664672852,-1.34991455078125,0.12517738342285156,-2.659452438354492,-2.4456939697265625,0.322418212890625,-4.230077743530273,3.424591064453125,0.38239288330078125,-4.925766944885254,1.2701339721679688,0.3923797607421875,-0.5238113403320312,0.1909027099609375,-0.13275146484375
-5.860134124755859,4.81842041015625,0.94122314453125,-1.9527702331542969,-1.6775970458984375,0.4512653350830078,-4.289131164550781,-2.8205490112304688,0.6967964172363281,-5.1964874267578125,4.354743957519531,0.5300369262695312,-6.410632133483887,1.89544677734375,0.6876373291015625,-1.0467052459716797,-0.3217620849609375,0.17385101318359375
-3.1277284622192383,3.5805587768554688,1.0542335510253906,-1.9954032897949219,-1.352020263671875,0.39293670654296875,-3.7065038681030273,-1.8706512451171875,0.5027427673339844,-2.5168609619140625,3.0588760375976562,0.46160888671875,-3.5161285400390625,1.5913848876953125,0.600311279296875,-0.2343006134033203,-0.4832916259765625,0.10646820068359375
-1.8349037170410156,2.8587875366210938,0.7027854919433594,-1.5073561668395996,-0.9531478881835938,0.24248123168945312,-2.7033567428588867,-1.196319580078125,0.3536491394042969,-1.5457763671875,2.3830337524414062,0.255096435546875,-2.3404343128204346,1.4396438598632812,0.3735504150390625,-0.22867774963378906,-0.2476806640625,-0.0025787353515625
-2.4476985931396484,4.21405029296875,0.23780441284179688,-1.9773821830749512,0.30222320556640625,-0.04318428039550781,-3.9461545944213867,-0.0819091796875,0.027616500854492188,-2.1470565795898438,3.040557861328125,-0.06085968017578125,-3.4682822227478027,1.743682861328125,-0.02318572998046875,-0.5158176422119141,-0.818267822265625,-0.04093170166015625
-1.326803207397461,4.092170715332031,-0.03675079345703125,-1.6627898216247559,1.0635223388671875,-0.36562538146972656,-3.500234603881836,0.8367919921875,-0.3353099822998047,-1.0421600341796875,2.8913192749023438,-0.28110504150390625,-2.3717708587646484,1.8544158935546875,-0.344970703125,-0.027606964111328125,-0.6979217529296875,-0.3350830078125
-0.5415973663330078,2.7578964233398438,-0.012996673583984375,-0.8110859394073486,1.0317840576171875,-0.18546485900878906,-1.8528175354003906,0.6943893432617188,-0.07568740844726562,-0.6032295227050781,2.0157852172851562,-0.1800079345703125,-1.4783849716186523,1.4597244262695312,-0.172393798828125,-0.12023639678955078,-0.2568817138671875,-0.0955810546875
-0.3190288543701172,2.5160980224609375,-0.08250808715820312,-0.6483654975891113,1.1159133911132812,-0.22374534606933594,-1.5819724798202515,0.6523666381835938,-0.08564376831054688,-0.4629058837890625,1.8332443237304688,-0.2399749755859375,-1.3087520599365234,1.379852294921875,-0.1941986083984375,-0.11165237426757812,-0.336669921875,-0.09331512451171875
-0.2070140838623047,3.084320068359375,-0.23000335693359375,-0.4436025619506836,1.1355133056640625,-0.20269203186035156,-1.4834116697311401,0.6678390502929688,-0.07212448120117188,-0.556793212890625,2.381744384765625,-0.39532470703125,-1.6385173797607422,1.9067916870117188,-0.2270355224609375,-0.2264881134033203,-0.43927001953125,-0.038604736328125
0.1997356414794922,3.5196456909179688,-0.24710845947265625,0.11827802658081055,0.8369903564453125,0.021768569946289062,-1.194701910018921,0.6048660278320312,0.13813400268554688,-0.5648212432861328,2.7672882080078125,-0.40362548828125,-1.8029375076293945,2.340667724609375,-0.09233856201171875,-0.3626222610473633,-0.5511398315429688,0.234344482421875
0.4681854248046875,3.236907958984375,-0.2607154846191406,0.4830324649810791,0.5401382446289062,0.13030624389648438,-0.7432677745819092,0.500396728515625,0.22438812255859375,-0.4405231475830078,2.7462615966796875,-0.4294891357421875,-1.581791877746582,2.4609146118164062,-0.07329559326171875,-0.46320343017578125,-0.33056640625,0.33953094482421875
0.5521736145019531,2.3802032470703125,-0.270843505859375,0.3486006259918213,0.381011962890625,0.0053043365478515625,-0.5646343231201172,0.3678131103515625,0.09196090698242188,-0.15938758850097656,2.12152099609375,-0.4310760498046875,-1.017404556274414,1.9718246459960938,-0.1739501953125,-0.3431415557861328,-0.1451263427734375,0.1519317626953125
0.5256385803222656,1.7979736328125,-0.3658905029296875,0.31822705268859863,0.215972900390625,-0.11667633056640625,-0.38685011863708496,0.2070159912109375,-0.04781341552734375,-0.11678886413574219,1.65899658203125,-0.5531692504882812,-0.7748603820800781,1.5772781372070312,-0.333404541015625,-0.30793094635009766,-0.0944366455078125,-0.00374603271484375
0.5615882873535156,1.7679443359375,-0.3526611328125,0.3326277732849121,0.14633941650390625,-0.09445381164550781,-0.43819570541381836,0.2621917724609375,-0.04918670654296875,-0.09379196166992188,1.6552581787109375,-0.5758285522460938,-0.7619762420654297,1.6126556396484375,-0.34234619140625,-0.3747081756591797,-0.13799285888671875,0.0164794921875
0.5351543426513672,1.5274658203125,-0.3491973876953125,0.2688465118408203,0.1298980712890625,-0.1345691680908203,-0.4580097198486328,0.3057861328125,-0.10938644409179688,-0.07207298278808594,1.439697265625,-0.5933685302734375,-0.6871128082275391,1.422088623046875,-0.41357421875,-0.3892364501953125,-0.1600494384765625,-0.0358428955078125
0.49202537536621094,1.14794921875,-0.4150810241699219,0.27411985397338867,0.0095062255859375,-0.218109130859375,-0.3117356300354004,0.1534423828125,-0.20158767700195312,-0.050968170166015625,1.126434326171875,-0.6302032470703125,-0.5584392547607422,1.119140625,-0.5094985961914062,-0.3431062698364258,-0.1869659423828125,-0.1337890625
0.45853233337402344,0.8509063720703125,-0.34204864501953125,0.22906494140625,-0.066253662109375,-0.18751907348632812,-0.19046926498413086,0.016448974609375,-0.1469879150390625,0.020051956176757812,0.8885650634765625,-0.5692214965820312,-0.3362922668457031,0.9067840576171875,-0.44907379150390625,-0.18256187438964844,-0.0540924072265625,-0.13329315185546875
0.48976898193359375,0.900787353515625,-0.4779853820800781,0.25298500061035156,-0.20871734619140625,-0.25232505798339844,-0.14989280700683594,-0.10284423828125,-0.189483642578125,0.0154571533203125,1.023101806640625,-0.7718124389648438,-0.289825439453125,1.077667236328125,-0.5235519409179688,-0.18759536743164062,0.050079345703125,-0.20664215087890625
0.4499626159667969,0.877227783203125,-0.46398162841796875,0.283449649810791,-0.21240997314453125,-0.2121448516845703,-0.11515140533447266,-0.03981781005859375,-0.17706298828125,-0.05853080749511719,0.9969940185546875,-0.7916259765625,-0.36034393310546875,1.060272216796875,-0.552764892578125,-0.2608366012573242,0.05621337890625,-0.1666717529296875
0.42272377014160156,0.71234130859375,-0.3777580261230469,0.2858614921569824,-0.173248291015625,-0.1595287322998047,-0.033814430236816406,-0.02392578125,-0.1395721435546875,-0.010961532592773438,0.820526123046875,-0.6602249145507812,-0.2780914306640625,0.8788299560546875,-0.5044708251953125,-0.19526386260986328,0.050445556640625,-0.1226654052734375
0.3690071105957031,0.539764404296875,-0.2868194580078125,0.263399600982666,-0.13452911376953125,-0.11089706420898438,0.024582862854003906,-0.027984619140625,-0.09814453125,-0.001110076904296875,0.63824462890625,-0.5431060791015625,-0.21235275268554688,0.680328369140625,-0.441162109375,-0.13397598266601562,0.04222869873046875,-0.081207275390625
0.42569923400878906,0.676666259765625,-0.3475685119628906,0.36504697799682617,-0.18096160888671875,-0.08992195129394531,0.08554220199584961,-0.06002044677734375,-0.06897354125976562,-0.0164337158203125,0.826171875,-0.6618194580078125,-0.24608993530273438,0.8962249755859375,-0.4656829833984375,-0.18728351593017578,0.126922607421875,-0.05408477783203125
0.3928794860839844,0.57232666015625,-0.3090095520019531,0.3316311836242676,-0.13343048095703125,-0.08668136596679688,0.10399532318115234,-0.04736328125,-0.0697174072265625,-0.017177581787109375,0.7030487060546875,-0.6458663940429688,-0.21010780334472656,0.770965576171875,-0.47594451904296875,-0.1426830291748047,0.120758056640625,-0.0564727783203125
0.3565788269042969,0.5045166015625,-0.2854347229003906,0.32174015045166016,-0.07917022705078125,-0.08362007141113281,0.13055706024169922,-0.0276641845703125,-0.0705413818359375,-0.025594711303710938,0.6277923583984375,-0.6092529296875,-0.2005176544189453,0.6829681396484375,-0.485137939453125,-0.13082504272460938,0.121917724609375,-0.0525360107421875
0.31116294860839844,0.4084320068359375,-0.22596359252929688,0.291593074798584,-0.027587890625,-0.06803703308105469,0.14119815826416016,-0.01580047607421875,-0.05263519287109375,-0.03778266906738281,0.5139923095703125,-0.55841064453125,-0.14828109741210938,0.5606842041015625,-0.4113922119140625,-0.09088706970214844,0.11181640625,-0.035858154296875
0.2778472900390625,0.36126708984375,-0.18178176879882812,0.2829728126525879,0.066864013671875,-0.0553741455078125,0.1598949432373047,0.03987884521484375,-0.04558563232421875,-0.052581787109375,0.4418487548828125,-0.5217666625976562,-0.13982582092285156,0.4831085205078125,-0.40654754638671875,-0.07556438446044922,0.11052703857421875,-0.01883697509765625
0.2373332977294922,0.297393798828125,-0.13557052612304688,0.259523868560791,0.119720458984375,-0.041385650634765625,0.1817021369934082,0.09105682373046875,-0.045665740966796875,-0.050868988037109375,0.3537445068359375,-0.442535400390625,-0.1320514678955078,0.3827972412109375,-0.39435577392578125,-0.05873584747314453,0.0929412841796875,-0.005615234375
0.218658447265625,0.25799560546875,-0.1102294921875,0.25523805618286133,0.1645355224609375,-0.042636871337890625,0.1880946159362793,0.08812713623046875,-0.03891754150390625,-0.03722953796386719,0.3011016845703125,-0.39624786376953125,-0.10172462463378906,0.3291168212890625,-0.3594818115234375,-0.03369712829589844,0.09088134765625,-0.0015106201171875
0.2038402557373047,0.2307586669921875,-0.08722305297851562,0.2382345199584961,0.21428680419921875,-0.03343009948730469,0.21376895904541016,0.1022186279296875,-0.034420013427734375,-0.04297065734863281,0.2606964111328125,-0.380645751953125,-0.07338142395019531,0.2910308837890625,-0.3087005615234375,-0.015714645385742188,0.092315673828125,0.0071563720703125
0.2321319580078125,0.248870849609375,-0.05355072021484375,0.28689146041870117,0.2710418701171875,-0.01184844970703125,0.26937103271484375,0.14365386962890625,-0.010120391845703125,-0.012714385986328125,0.2759857177734375,-0.3583526611328125,-0.023508071899414062,0.310211181640625,-0.25104522705078125,0.02479839324951172,0.12171173095703125,0.03618621826171875
0.20526504516601562,0.178466796875,-0.040008544921875,0.3009157180786133,0.2706451416015625,-0.011705398559570312,0.3164520263671875,0.12281036376953125,-0.01143646240234375,-0.018537521362304688,0.2008819580078125,-0.31768798828125,-0.006626129150390625,0.2175140380859375,-0.2337646484375,0.05329418182373047,0.10760498046875,0.03604888916015625
0.13372039794921875,0.0901031494140625,0.015289306640625,0.3038311004638672,0.31037139892578125,0.018510818481445312,0.36530518531799316,0.1522979736328125,0.007350921630859375,-0.057525634765625,0.087371826171875,-0.21173858642578125,-0.016572952270507812,0.0907440185546875,-0.17684173583984375,0.058826446533203125,0.09087371826171875,0.06806182861328125
0.15308189392089844,0.03094482421875,0.021892547607421875,0.3955087661743164,0.31324005126953125,0.03338050842285156,0.5108227729797363,0.16605377197265625,0.005321502685546875,-0.02761077880859375,0.014404296875,-0.17636871337890625,0.016582489013671875,0.00518798828125,-0.20951080322265625,0.1215667724609375,0.08917236328125,0.07834625244140625
0.11211585998535156,-0.0904083251953125,0.045574188232421875,0.4741945266723633,0.34243011474609375,0.05307579040527344,0.6510534286499023,0.15833282470703125,0.014373779296875,-0.09201622009277344,-0.142791748046875,-0.193695068359375,0.04802703857421875,-0.16009521484375,-0.1758880615234375,0.18384838104248047,0.089202880859375,0.09291839599609375
-0.026845932006835938,-0.9792938232421875,0.22004318237304688,0.8934783935546875,0.656158447265625,0.02025604248046875,1.6355879306793213,0.0814666748046875,0.007404327392578125,-0.04525566101074219,-1.2522430419921875,0.088623046875,0.5958595275878906,-1.3946990966796875,-0.13211822509765625,1.0179920196533203,0.2778167724609375,0.0529327392578125
-0.08215522766113281,-0.85357666015625,0.27056884765625,1.07965087890625,1.247467041015625,0.08787345886230469,1.8931219577789307,0.43536376953125,0.05335235595703125,-0.10055732727050781,-1.1785736083984375,0.226104736328125,0.5945777893066406,-1.2778472900390625,0.0146942138671875,0.9131269454956055,0.5332183837890625,0.15964508056640625
-0.12702369689941406,-0.9786376953125,0.4265556335449219,0.9682378768920898,1.2597579956054688,0.22844314575195312,1.8668677806854248,0.4954833984375,0.19370651245117188,-0.10882949829101562,-1.3408355712890625,0.3579254150390625,0.6912269592285156,-1.371490478515625,0.25531768798828125,0.8860073089599609,0.5729827880859375,0.29529571533203125
-0.13516807556152344,-0.77972412109375,0.14617919921875,1.0389156341552734,0.855804443359375,0.144073486328125,1.7927837371826172,0.374847412109375,0.10849761962890625,-0.2441539764404297,-1.0318756103515625,0.0089111328125,0.4255409240722656,-1.006866455078125,0.02954864501953125,0.5238456726074219,0.5699920654296875,0.2095794677734375
-0.1388378143310547,-1.15008544921875,0.24951934814453125,0.9454717636108398,0.857818603515625,0.20025253295898438,1.9455323219299316,0.37827301025390625,0.1686859130859375,-0.13741302490234375,-1.439178466796875,0.1859588623046875,0.6623096466064453,-1.3872528076171875,0.11578369140625,0.6735601425170898,0.5845184326171875,0.25025177001953125
0.546783447265625,-0.9423370361328125,0.4722557067871094,1.2926816940307617,1.0294647216796875,0.36406898498535156,2.281125068664551,0.6608352661132812,0.3252525329589844,0.6139335632324219,-1.2292327880859375,0.42092132568359375,1.3791694641113281,-1.145111083984375,0.36156463623046875,1.2699947357177734,0.70880126953125,0.40225982666015625
-0.3398113250732422,-2.013641357421875,0.48917388916015625,0.4102907180786133,0.838623046875,0.3509559631347656,2.682720184326172,0.08380126953125,0.515869140625,0.03599357604980469,-2.059967041015625,0.36156463623046875,1.4401893615722656,-1.7254867553710938,0.4630279541015625,0.9598217010498047,1.644134521484375,0.3334197998046875
-0.45887184143066406,-3.3144073486328125,0.7525634765625,0.6794967651367188,1.176025390625,-0.005767822265625,3.3863649368286133,0.9016952514648438,0.11408233642578125,0.39398193359375,-2.9777679443359375,0.150360107421875,2.214082717895508,-2.3716583251953125,0.1458282470703125,1.0485496520996094,2.088775634765625,-0.018402099609375
0.19693374633789062,-2.6388092041015625,1.5268096923828125,0.7492141723632812,1.02520751953125,0.24243545532226562,2.9920053482055664,1.2660369873046875,0.44640350341796875,1.1174297332763672,-1.5572357177734375,0.5503997802734375,2.470330238342285,-0.8274993896484375,0.5710296630859375,1.0673847198486328,2.621124267578125,0.205413818359375
-0.1906452178955078,-4.1050262451171875,0.5778732299804688,1.159963607788086,-0.00140380859375,-0.15714454650878906,2.4146385192871094,0.53204345703125,-0.17205238342285156,0.07553863525390625,-3.3886871337890625,-0.35160064697265625,1.0880537033081055,-2.7236785888671875,-0.3386688232421875,-0.2670154571533203,0.0713348388671875,-0.0761566162109375
0.2681865692138672,-3.918975830078125,0.22194290161132812,1.064432144165039,0.1371917724609375,-0.3823680877685547,2.3992862701416016,0.8693008422851562,-0.43324851989746094,0.3675403594970703,-3.069183349609375,-0.5894393920898438,1.3012466430664062,-2.3661575317382812,-0.5896682739257812,-0.23354339599609375,0.20208740234375,-0.34920501708984375
1.6926507949829102,-4.9584503173828125,-0.46535491943359375,1.364675521850586,0.4767303466796875,-0.6691703796386719,3.7613754272460938,1.5406951904296875,-0.7252845764160156,1.4914493560791016,-4.452033996582031,-0.8372955322265625,2.847710132598877,-3.2561416625976562,-0.9197616577148438,0.029127120971679688,0.458648681640625,-0.67779541015625
2.696521759033203,-4.461601257324219,-0.39922332763671875,0.9627532958984375,0.6573638916015625,-0.5299873352050781,3.4151878356933594,2.1326065063476562,-0.6233177185058594,2.457386016845703,-4.34228515625,-0.513916015625,3.7334539890289307,-2.887359619140625,-0.5905075073242188,0.2674293518066406,0.5447235107421875,-0.5458602905273438
2.5456056594848633,-3.16009521484375,-0.19306564331054688,0.7015495300292969,0.9673004150390625,-0.18913650512695312,2.5300769805908203,2.5663299560546875,-0.37419891357421875,2.3314332962036133,-3.1316452026367188,-0.2788238525390625,3.1789047718048096,-1.8979110717773438,-0.3214569091796875,0.23366928100585938,0.3966064453125,-0.18619537353515625
2.9749369621276855,-2.7832870483398438,-0.10376358032226562,0.47368812561035156,1.1549224853515625,-0.14345359802246094,2.1940460205078125,2.90185546875,-0.319610595703125,2.7933149337768555,-2.821685791015625,-0.153564453125,3.5362629890441895,-1.471649169921875,-0.22301483154296875,0.2738056182861328,0.5426483154296875,-0.1353302001953125
3.065074920654297,-2.5438690185546875,-0.18486404418945312,0.1376209259033203,1.0342559814453125,-0.21352386474609375,1.7839164733886719,3.0044937133789062,-0.3850669860839844,2.8393383026123047,-2.437957763671875,-0.2038116455078125,3.4113683700561523,-1.0759048461914062,-0.25650787353515625,0.1486225128173828,0.4705352783203125,-0.2027130126953125
2.1388285160064697,-1.743621826171875,0.039875030517578125,0.04487419128417969,0.878753662109375,0.00337982177734375,0.8518791198730469,2.1352157592773438,-0.13855743408203125,1.9706711769104004,-1.5367965698242188,-0.05889892578125,2.254988193511963,-0.6582717895507812,-0.10091400146484375,0.11956596374511719,0.1655120849609375,0.02581787109375
1.9132146835327148,-1.62762451171875,0.015872955322265625,-0.04657173156738281,0.6589508056640625,-0.1044769287109375,0.8571434020996094,2.06536865234375,-0.21170425415039062,1.7747013568878174,-1.2787246704101562,-0.12409210205078125,1.9835662841796875,-0.484466552734375,-0.1691741943359375,0.030185699462890625,0.1339111328125,-0.08624267578125
1.2852894067764282,-1.1214675903320312,0.07198715209960938,0.046596527099609375,0.4186248779296875,-0.026842117309570312,0.5852737426757812,1.4485015869140625,-0.0970916748046875,1.1304610967636108,-0.7926712036132812,-0.07431793212890625,1.2165470123291016,-0.272430419921875,-0.048797607421875,0.026172637939453125,0.0324859619140625,-0.00665283203125
1.9299813508987427,-1.3293914794921875,-0.0110015869140625,0.4062843322753906,0.8354034423828125,0.02124786376953125,0.7447395324707031,1.7403106689453125,0.01983642578125,1.6821331977844238,-1.247894287109375,-0.21186065673828125,1.7595815658569336,-0.45108795166015625,-0.07616424560546875,-0.04805946350097656,-0.0530853271484375,0.05318450927734375
2.0248007774353027,-1.3206558227539062,0.078887939453125,0.11540985107421875,0.7490386962890625,-0.012908935546875,0.5826683044433594,1.7806243896484375,-0.011562347412109375,1.6746121644973755,-1.0936737060546875,-0.1457061767578125,1.7275218963623047,-0.3387908935546875,-0.0702362060546875,-0.046688079833984375,-0.041656494140625,0.024749755859375
2.6791248321533203,-1.3453521728515625,0.04131317138671875,-0.2617759704589844,0.7932891845703125,0.027828216552734375,0.2797660827636719,2.1871185302734375,0.004497528076171875,2.3534891605377197,-1.375244140625,-0.106414794921875,2.379471778869629,-0.3552093505859375,-0.05580902099609375,-0.07667350769042969,-0.0945281982421875,0.06363677978515625
3.7622318267822266,-1.458038330078125,0.02715301513671875,-0.7389183044433594,0.8770751953125,0.06460380554199219,-0.3401069641113281,2.6018829345703125,0.01317596435546875,3.432722568511963,-1.7505645751953125,-0.09642791748046875,3.352689743041992,-0.2997589111328125,-0.04325103759765625,-0.1748180389404297,-0.226959228515625,0.10445404052734375
3.9418773651123047,-1.3515777587890625,0.3679084777832031,-1.25201416015625,0.4408111572265625,0.04318809509277344,-1.0896530151367188,1.983489990234375,-0.059326171875,3.3780369758605957,-1.3677825927734375,0.04111480712890625,3.1770896911621094,0.01873779296875,0.04331207275390625,-0.1928691864013672,-0.250885009765625,0.09774017333984375
3.238119125366211,-0.8873291015625,0.4154624938964844,-1.258890151977539,0.098052978515625,0.03625679016113281,-1.2234878540039062,1.266876220703125,-0.0743408203125,2.6782283782958984,-0.8453445434570312,0.0763702392578125,2.4238128662109375,0.2182769775390625,0.0595550537109375,-0.1451244354248047,-0.208251953125,0.08568572998046875
2.0877933502197266,-0.22357177734375,-0.033294677734375,-0.8852272033691406,-0.0833282470703125,0.04583930969238281,-0.9065437316894531,0.66656494140625,-0.0134124755859375,2.094921112060547,-0.37896728515625,0.2269439697265625,1.8580455780029297,0.44808197021484375,0.1912994384765625,-0.11327171325683594,-0.034423828125,0.10059356689453125
2.3130130767822266,-0.20056915283203125,-0.15674209594726562,-0.9432258605957031,-0.3950653076171875,0.11746597290039062,-1.0233383178710938,0.4160308837890625,0.05750274658203125,2.501810073852539,-0.4245758056640625,0.31623077392578125,2.1600265502929688,0.5486907958984375,0.28748321533203125,-0.11496543884277344,-0.1726837158203125,0.17139434814453125
2.394113540649414,0.06240081787109375,-0.680694580078125,-1.2139835357666016,-0.9300384521484375,0.4598712921142578,-1.4281692504882812,0.2558441162109375,0.4094390869140625,3.574350357055664,-0.5608901977539062,0.7751007080078125,2.9473495483398438,0.7755050659179688,0.6861953735351562,-0.33560752868652344,-0.568603515625,0.5222320556640625
1.4747905731201172,0.1622772216796875,-0.4826850891113281,-0.9809970855712891,-1.013031005859375,0.32407569885253906,-1.191131591796875,-0.11712646484375,0.26485443115234375,2.520193099975586,-0.07109832763671875,0.6682815551757812,1.9697265625,0.8899459838867188,0.5726318359375,-0.3230705261230469,-0.3277435302734375,0.37348175048828125
0.8371067047119141,0.06341552734375,-0.3040771484375,-0.6793327331542969,-0.9362945556640625,0.23388290405273438,-0.8542060852050781,-0.2928009033203125,0.17257308959960938,1.5970516204833984,0.00392913818359375,0.47493743896484375,1.1938629150390625,0.62445068359375,0.39731597900390625,-0.23580551147460938,-0.2738037109375,0.25684356689453125
0.6051425933837891,-0.02243804931640625,0.2701835632324219,-0.6629838943481445,-1.112823486328125,0.36716461181640625,-0.7872810363769531,-0.7170867919921875,0.26038360595703125,1.084859848022461,0.13852691650390625,0.7197113037109375,0.8181610107421875,0.561370849609375,0.5747604370117188,-0.13861656188964844,-0.102996826171875,0.382843017578125
0.6287117004394531,-0.14824676513671875,0.2398681640625,-0.4991273880004883,-0.9983978271484375,0.3038806915283203,-0.6139564514160156,-0.60687255859375,0.23905181884765625,0.9096145629882812,-0.0370330810546875,0.5298919677734375,0.6436843872070312,0.3333587646484375,0.43456268310546875,-0.2046794891357422,-0.2948760986328125,0.30968475341796875
0.3854999542236328,-0.0940704345703125,0.1183013916015625,-0.3712739944458008,-0.7328643798828125,0.196624755859375,-0.43837738037109375,-0.451202392578125,0.14787673950195312,0.6289310455322266,0.00025177001953125,0.3291778564453125,0.40940093994140625,0.271820068359375,0.29068756103515625,-0.16877174377441406,-0.20458984375,0.1971435546875
0.6291694641113281,-0.22338104248046875,0.08775711059570312,-0.2716083526611328,-0.9603729248046875,0.10794639587402344,-0.37658119201660156,-0.52630615234375,0.1167755126953125,0.7195873260498047,-0.1500396728515625,0.2617034912109375,0.41156768798828125,0.20598602294921875,0.22469329833984375,-0.42027854919433594,-0.47564697265625,0.11760711669921875
0.2673015594482422,-0.09598541259765625,-0.11657333374023438,-0.23844623565673828,-0.6486358642578125,0.010913848876953125,-0.2764911651611328,-0.4278717041015625,-0.0161285400390625,0.5018959045410156,-0.03037261962890625,0.12140655517578125,0.3228263854980469,0.18276214599609375,0.06475067138671875,-0.15762710571289062,-0.2426910400390625,0.00777435302734375
0.23923110961914062,-0.1630859375,0.014514923095703125,-0.17766189575195312,-0.6418304443359375,0.11767768859863281,-0.2086181640625,-0.421905517578125,0.129364013671875,0.38997650146484375,-0.117340087890625,0.197509765625,0.1681365966796875,0.1044921875,0.20748138427734375,-0.29644203186035156,-0.3486480712890625,0.12136077880859375
0.07282066345214844,-0.1154937744140625,-0.07070159912109375,-0.14267539978027344,-0.474822998046875,0.07455253601074219,-0.12950515747070312,-0.410736083984375,0.08424758911132812,0.267333984375,-0.07936859130859375,0.13227081298828125,0.12361907958984375,0.0681610107421875,0.1130828857421875,-0.2014312744140625,-0.249267578125,0.0760498046875
0.04148292541503906,-0.1746368408203125,-0.010959625244140625,-0.11125946044921875,-0.4771881103515625,0.09851646423339844,-0.0695343017578125,-0.4883575439453125,0.10586929321289062,0.20801734924316406,-0.12579345703125,0.1627960205078125,0.10684967041015625,-0.01343536376953125,0.12261199951171875,-0.13214874267578125,-0.260040283203125,0.09808349609375
-0.34905242919921875,-0.1375579833984375,-0.30457305908203125,-0.08325862884521484,-0.3616180419921875,0.047084808349609375,-0.023218154907226562,-0.4007110595703125,0.0447998046875,0.10682868957519531,-0.12384033203125,0.086395263671875,0.0534210205078125,-0.06441497802734375,0.06891632080078125,-0.04796028137207031,-0.1904296875,0.044891357421875
-0.3733348846435547,-0.10459136962890625,-0.27577972412109375,-0.06295490264892578,-0.2719573974609375,0.0026645660400390625,-0.00506591796875,-0.350189208984375,-0.00908660888671875,0.022186279296875,-0.069854736328125,0.04344940185546875,0.01302337646484375,-0.057891845703125,0.02310943603515625,0.0038776397705078125,-0.0940399169921875,-0.0014801025390625
-0.3818855285644531,-0.18531036376953125,-0.13755416870117188,-0.022130966186523438,-0.3317108154296875,0.022912979125976562,0.04615974426269531,-0.4310760498046875,0.015270233154296875,-0.11243438720703125,-0.12828826904296875,0.1060943603515625,-0.08538436889648438,-0.15943145751953125,0.071502685546875,-0.01129913330078125,-0.119293212890625,0.0198822021484375
-0.4901905059814453,-0.32928466796875,0.10731124877929688,0.03028392791748047,-0.490325927734375,0.10015106201171875,0.1316699981689453,-0.686004638671875,0.10402297973632812,-0.3592567443847656,-0.22298431396484375,0.2552490234375,-0.2962188720703125,-0.2899017333984375,0.2301483154296875,-0.07098388671875,-0.1547698974609375,0.09851837158203125
-0.2724590301513672,-0.150848388671875,0.011646270751953125,0.010281562805175781,-0.2369842529296875,0.006107330322265625,0.08473396301269531,-0.382049560546875,-0.001056671142578125,-0.197540283203125,-0.07212066650390625,0.09894561767578125,-0.1700286865234375,-0.09925079345703125,0.10277557373046875,0.013309478759765625,-0.0260467529296875,0.0022735595703125
-0.3980426788330078,-0.1261749267578125,-0.00579071044921875,0.027441978454589844,-0.27044677734375,-0.016458511352539062,0.13486671447753906,-0.4790802001953125,-0.02489471435546875,-0.2790679931640625,-0.07067108154296875,0.11914825439453125,-0.21393203735351562,-0.1213531494140625,0.0944366455078125,0.03769874572753906,0.0215301513671875,-0.0238037109375
-0.9655590057373047,-0.48537445068359375,0.10082626342773438,0.028858184814453125,-0.47900390625,0.00368499755859375,0.21283340454101562,-0.9264373779296875,-0.003948211669921875,-0.8835411071777344,-0.3885345458984375,0.22454071044921875,-0.6599578857421875,-0.6314315795898438,0.1759185791015625,0.02944183349609375,-0.1499481201171875,-0.0064239501953125
-0.9386978149414062,-0.37928009033203125,0.09891510009765625,0.08666229248046875,-0.39892578125,-0.045413970947265625,0.24876022338867188,-0.8278350830078125,-0.055393218994140625,-0.8965511322021484,-0.2510986328125,0.19309234619140625,-0.6618881225585938,-0.5156326293945312,0.12767791748046875,0.06256484985351562,-0.0314788818359375,-0.060150146484375
-1.9224567413330078,-0.763885498046875,-0.01743316650390625,0.2364826202392578,-0.7132568359375,-0.23067283630371094,0.47252464294433594,-1.64874267578125,-0.22846221923828125,-1.882843017578125,-0.5656585693359375,0.18326568603515625,-1.3853569030761719,-1.1289291381835938,0.061553955078125,0.1385059356689453,-0.1419677734375,-0.25690460205078125
-3.111330032348633,-1.004364013671875,-0.20138931274414062,0.3170442581176758,-1.117706298828125,-0.5051231384277344,0.5621967315673828,-2.646728515625,-0.4832611083984375,-2.982400894165039,-0.726287841796875,0.07547760009765625,-2.2428627014160156,-1.6690673828125,-0.0980682373046875,0.2283802032470703,-0.26422119140625,-0.5534820556640625
-2.824949264526367,-0.7308273315429688,-0.166595458984375,0.11739730834960938,-0.9566192626953125,-0.28706932067871094,0.21355819702148438,-2.2654571533203125,-0.26851654052734375,-2.6968460083007812,-0.47322845458984375,0.268310546875,-2.0666732788085938,-1.43292236328125,-0.02899169921875,0.14754486083984375,-0.367584228515625,-0.3418121337890625
-2.5088443756103516,-0.41400146484375,-0.030384063720703125,0.09028911590576172,-0.8395538330078125,-0.15736961364746094,0.09198951721191406,-2.074188232421875,-0.10588836669921875,-2.4514102935791016,-0.14298248291015625,0.394561767578125,-1.9458255767822266,-1.0554046630859375,0.08685302734375,0.05496978759765625,-0.2635955810546875,-0.21413421630859375
-1.7508316040039062,-0.05197906494140625,0.02751922607421875,0.1839771270751953,-0.533050537109375,-0.05787467956542969,0.06398200988769531,-1.4381027221679688,0.00299835205078125,-1.7842178344726562,0.19867706298828125,0.35823822021484375,-1.4704761505126953,-0.47257232666015625,0.1430206298828125,-0.020441055297851562,-0.0048675537109375,-0.11710357666015625
-1.5317010879516602,-0.00543212890625,0.03589630126953125,0.16306495666503906,-0.46619415283203125,0.034488677978515625,-0.03794670104980469,-1.402557373046875,0.1123199462890625,-1.5734758377075195,0.23767852783203125,0.45081329345703125,-1.2954158782958984,-0.43163299560546875,0.155120849609375,-0.017541885375976562,-0.0612335205078125,-0.0247802734375
-2.629161834716797,0.16109466552734375,0.0842132568359375,0.206298828125,-0.6357574462890625,0.05017662048339844,-0.22616958618164062,-2.0715713500976562,0.18989181518554688,-2.636503219604492,0.3669891357421875,0.41432952880859375,-2.2882308959960938,-0.6048583984375,0.2310028076171875,-0.11826896667480469,-0.092437744140625,-0.03376007080078125
-4.738663196563721,0.5045318603515625,0.18436813354492188,-0.2523202896118164,-0.998748779296875,0.06315231323242188,-1.285308837890625,-3.52679443359375,0.3152198791503906,-4.573072910308838,1.0261001586914062,0.9079513549804688,-4.113885879516602,-0.9448165893554688,0.32093048095703125,-0.2948455810546875,-0.361053466796875,-0.034454345703125
-2.150766134262085,0.5363616943359375,0.44347381591796875,0.055850982666015625,-0.7750473022460938,0.17782211303710938,-0.8106517791748047,-2.079559326171875,0.315155029296875,-2.149355888366699,1.2416534423828125,0.8809738159179688,-2.0254993438720703,0.0304412841796875,0.41721343994140625,0.08577537536621094,0.110809326171875,0.05632781982421875
-16.039758682250977,3.9456405639648438,6.219249725341797,-11.91224193572998,-5.0496063232421875,0.7683639526367188,-16.273754119873047,-10.437080383300781,1.46380615234375,-16.409570693969727,8.863716125488281,2.96435546875,-16.901287078857422,3.763397216796875,2.5020523071289062,-5.509152412414551,1.3989105224609375,-0.47504425048828125
-2.0154333114624023,0.6944808959960938,1.3386573791503906,-2.391974687576294,-0.14217376708984375,-0.3717670440673828,-3.7903242111206055,-1.0725173950195312,-0.06728363037109375,-2.5595273971557617,2.281280517578125,-0.026214599609375,-2.8178365230560303,1.5410614013671875,-0.06266021728515625,-1.2161388397216797,0.74859619140625,-0.64874267578125
-1.7226009368896484,2.0228042602539062,0.871002197265625,-0.4793802499771118,1.5035018920898438,0.013971328735351562,-3.070870876312256,0.21041107177734375,0.5244121551513672,-1.6565637588500977,2.9902191162109375,0.20990753173828125,-2.032672166824341,2.1681365966796875,0.3030853271484375,0.0007610321044921875,1.1714935302734375,-0.0177001953125
-1.6330108642578125,3.2741928100585938,-0.036052703857421875,0.15412501990795135,1.294769287109375,-0.44776153564453125,-2.7377281188964844,0.24727630615234375,0.13850975036621094,-0.7321243286132812,3.7457351684570312,-0.296051025390625,-1.2452504634857178,2.6741104125976562,-0.1790008544921875,1.2965764999389648,1.1968231201171875,-0.5996170043945312
-0.9579505920410156,2.5938339233398438,-0.418487548828125,0.5090142488479614,1.2356796264648438,-0.3590240478515625,-1.6066378355026245,0.7160186767578125,0.07069015502929688,-0.4161796569824219,2.7189178466796875,-0.35379791259765625,-0.8061304092407227,1.9830474853515625,-0.23886871337890625,0.9895687103271484,0.85400390625,-0.3840789794921875
-0.4095592498779297,1.8085861206054688,-0.6570854187011719,1.0547237396240234,1.0925445556640625,-0.3456382751464844,-0.6853170394897461,0.8947067260742188,-0.083587646484375,-0.2142505645751953,1.8630905151367188,-0.48332977294921875,-0.5613789558410645,1.28240966796875,-0.3698272705078125,0.9095392227172852,0.398223876953125,-0.25475311279296875
0.3624420166015625,1.75518798828125,-0.8479385375976562,1.461378812789917,0.6872634887695312,-0.3021984100341797,-0.06780505180358887,0.724090576171875,-0.07995223999023438,0.37645530700683594,1.757568359375,-0.46323394775390625,0.1398916244506836,1.30767822265625,-0.32859039306640625,1.3783864974975586,0.452392578125,-0.3112945556640625
0.8097343444824219,1.9135513305664062,-1.9512596130371094,1.9615371227264404,0.3766937255859375,-0.413848876953125,0.6089903116226196,0.6664886474609375,-0.2111225128173828,0.5021038055419922,2.3016738891601562,-0.7631683349609375,0.3014826774597168,1.898956298828125,-0.5140151977539062,1.5825557708740234,0.932952880859375,-0.5476760864257812
0.8887748718261719,1.1473236083984375,-1.76361083984375,1.8595781326293945,0.074249267578125,-0.2499866485595703,0.8548595905303955,0.44539642333984375,-0.15494346618652344,0.29526805877685547,1.3394012451171875,-0.7585372924804688,0.26975107192993164,1.1843795776367188,-0.45877838134765625,1.1499099731445312,0.60369873046875,-0.36507415771484375
0.9189510345458984,1.2216567993164062,-2.0959815979003906,1.6355891227722168,-0.195556640625,0.2238922119140625,0.7283124923706055,0.16214752197265625,0.3571338653564453,0.29976940155029297,1.1184234619140625,-0.2901763916015625,0.4060845375061035,1.0900039672851562,0.08138275146484375,1.1258602142333984,0.5572967529296875,0.0583038330078125
0.7803411483764648,0.7799224853515625,-1.4003868103027344,1.4350605010986328,-0.3676605224609375,0.1327381134033203,0.6768550872802734,-0.00507354736328125,0.22986602783203125,0.13878440856933594,0.710418701171875,-0.3931884765625,0.27377891540527344,0.7273406982421875,-0.065582275390625,0.8837032318115234,0.3845367431640625,-0.03374481201171875
0.4355287551879883,-0.074615478515625,-1.0798721313476562,1.1223793029785156,-0.42598724365234375,-0.22888946533203125,0.2994663715362549,0.04913330078125,-0.2854442596435547,-0.11323738098144531,-0.2250213623046875,-0.826690673828125,-0.22481608390808105,-0.33966827392578125,-0.6436386108398438,0.5168209075927734,-0.4759521484375,-0.298980712890625
0.3678321838378906,-0.27811431884765625,-1.1007347106933594,1.2755966186523438,-0.8128890991210938,-0.289031982421875,0.4305448532104492,-0.149993896484375,-0.4632835388183594,-0.06539726257324219,-0.4008026123046875,-0.98638916015625,-0.34853100776672363,-0.6577911376953125,-0.8545761108398438,0.5761146545410156,-0.9945220947265625,-0.3818817138671875
0.7644195556640625,0.6701202392578125,-0.6177482604980469,1.0897436141967773,-1.8459243774414062,-0.23499679565429688,0.33095502853393555,-1.0881576538085938,-0.14316558837890625,0.5585193634033203,1.1283721923828125,-0.88983154296875,0.41756772994995117,0.8306121826171875,-0.619232177734375,1.5206775665283203,-0.127685546875,-0.7734451293945312
0.3603839874267578,-0.26888275146484375,-0.3046989440917969,0.579188346862793,-1.3344573974609375,0.098602294921875,0.1424860954284668,-0.8580780029296875,0.11202049255371094,-0.19066905975341797,-0.014007568359375,-0.46019744873046875,-0.18711471557617188,-0.06478118896484375,-0.297760009765625,0.37264060974121094,-0.2467193603515625,-0.24747467041015625
0.4196033477783203,-0.1334075927734375,-0.1251373291015625,0.43982887268066406,-1.4390182495117188,0.052295684814453125,0.00930166244506836,-1.0097579956054688,0.14686012268066406,-0.03870868682861328,0.2382965087890625,-0.463897705078125,0.032633304595947266,0.19605255126953125,-0.2672882080078125,0.6090507507324219,-0.1040802001953125,-0.370574951171875
0.23830699920654297,-0.5166015625,-0.14645767211914062,0.4380836486816406,-1.2430419921875,0.09173202514648438,0.07280206680297852,-0.856292724609375,0.0906829833984375,-0.3691692352294922,-0.2939605712890625,-0.45943450927734375,-0.27251291275024414,-0.300872802734375,-0.28028106689453125,0.2464466094970703,-0.4500732421875,-0.1916046142578125
0.35060977935791016,-0.2828369140625,0.0179290771484375,0.325347900390625,-1.4753494262695312,0.17981529235839844,0.11148786544799805,-1.0914535522460938,0.2070903778076172,-0.12547969818115234,0.0082244873046875,-0.35107421875,0.048569679260253906,0.05573272705078125,-0.10971832275390625,0.5127811431884766,-0.2242279052734375,-0.24820709228515625
0.22026443481445312,-0.5840606689453125,-0.09372329711914062,0.4017820358276367,-1.1606903076171875,0.1360149383544922,0.2729644775390625,-0.8040542602539062,0.04711151123046875,-0.3378877639770508,-0.3826446533203125,-0.41051483154296875,-0.2394728660583496,-0.34577178955078125,-0.23542022705078125,0.16022491455078125,-0.4202728271484375,-0.1536407470703125
0.16365909576416016,-0.693878173828125,0.1201324462890625,0.21665668487548828,-0.9897842407226562,0.1403350830078125,0.1185302734375,-0.6793746948242188,0.058444976806640625,-0.3235969543457031,-0.3880157470703125,-0.33762359619140625,-0.3367123603820801,-0.3563232421875,-0.2066497802734375,-0.010080337524414062,-0.32220458984375,-0.14052581787109375
0.2217273712158203,-0.5130081176757812,0.23380279541015625,0.221832275390625,-0.9842300415039062,0.13001060485839844,0.02265310287475586,-0.7585601806640625,0.14846420288085938,-0.1469268798828125,-0.288421630859375,-0.22705841064453125,-0.15580415725708008,-0.24806976318359375,-0.12104034423828125,0.12693214416503906,-0.2113494873046875,-0.16565704345703125
0.15459442138671875,-0.4293975830078125,0.1664886474609375,0.14998531341552734,-0.8624191284179688,0.1230926513671875,-0.01684093475341797,-0.6477432250976562,0.1302623748779297,-0.2896556854248047,-0.202667236328125,-0.212188720703125,-0.24848175048828125,-0.175872802734375,-0.14160919189453125,0.043437957763671875,-0.1220550537109375,-0.16428375244140625
0.22758865356445312,-0.933135986328125,0.06502914428710938,0.4098796844482422,-1.0331192016601562,0.12805557250976562,0.36717844009399414,-0.8176193237304688,0.039356231689453125,-0.4220733642578125,-0.6987380981445312,-0.36327362060546875,-0.35143613815307617,-0.598175048828125,-0.265594482421875,-0.16748428344726562,-0.3188018798828125,-0.152557373046875
0.2628507614135742,-1.0632858276367188,0.007549285888671875,0.2955341339111328,-1.0448760986328125,0.1663951873779297,0.275972843170166,-0.8386077880859375,0.07344436645507812,-0.3484458923339844,-0.949493408203125,-0.29149627685546875,-0.2821660041809082,-0.8090591430664062,-0.1994171142578125,-0.2034454345703125,-0.4357452392578125,-0.11277008056640625
0.34697532653808594,-1.4698104858398438,-0.096954345703125,0.5390949249267578,-1.058990478515625,0.07092666625976562,0.8150215148925781,-0.8319778442382812,-0.18504714965820312,-0.37802696228027344,-1.35992431640625,-0.5942153930664062,-0.30182743072509766,-1.17889404296875,-0.5243911743164062,-0.3549766540527344,-0.5349884033203125,-0.22968292236328125
0.3503265380859375,-1.3433609008789062,-0.18042755126953125,0.33733558654785156,-0.8748016357421875,0.14875030517578125,0.5434384346008301,-0.6280059814453125,-0.08407974243164062,-0.34316062927246094,-1.33062744140625,-0.42350006103515625,-0.2523469924926758,-1.1877822875976562,-0.443756103515625,-0.35909271240234375,-0.496124267578125,-0.15212249755859375
0.04121685028076172,-0.7449798583984375,0.46860504150390625,-0.16905784606933594,-0.6606521606445312,0.22766494750976562,-0.16776132583618164,-0.40636444091796875,0.14752197265625,-0.1365032196044922,-0.543060302734375,-0.1396026611328125,-0.06985330581665039,-0.5005950927734375,-0.1813812255859375,-0.04634857177734375,-0.1900634765625,-0.123138427734375
-0.016378402709960938,-0.5725784301757812,0.4348564147949219,-0.263397216796875,-0.5751266479492188,0.18953704833984375,-0.31228160858154297,-0.39138031005859375,0.1727466583251953,-0.14531898498535156,-0.4421234130859375,-0.16190338134765625,-0.10392475128173828,-0.3229217529296875,-0.07308197021484375,-0.08118247985839844,-0.0878143310546875,-0.1270294189453125
-0.005846977233886719,-0.44210052490234375,0.4974784851074219,-0.311492919921875,-0.49492645263671875,0.19761276245117188,-0.22807979583740234,-0.31781005859375,0.13254165649414062,-0.17974853515625,-0.391510009765625,-0.179931640625,-0.10532379150390625,-0.25494384765625,-0.0442657470703125,-0.06324577331542969,-0.06842041015625,-0.09896087646484375
0.03975200653076172,-0.4939117431640625,0.38341522216796875,-0.16129493713378906,-0.560028076171875,0.13638687133789062,-0.1579146385192871,-0.4531097412109375,0.127410888671875,-0.2333202362060547,-0.49718475341796875,-0.29744720458984375,-0.0857381820678711,-0.31304931640625,-0.13177490234375,-0.09359931945800781,-0.0409393310546875,-0.1557464599609375
0.18619728088378906,-1.1410140991210938,0.07001113891601562,0.27655792236328125,-0.5481109619140625,0.044612884521484375,0.351625919342041,-0.6240005493164062,0.00876617431640625,-0.4763374328613281,-1.3133621215820312,-0.48862457275390625,-0.2571077346801758,-0.9569168090820312,-0.29290008544921875,-0.6129226684570312,-0.202789306640625,-0.11859893798828125
0.17423248291015625,-1.0322341918945312,0.0320892333984375,0.28888511657714844,-0.346649169921875,0.027688980102539062,0.47300100326538086,-0.3948211669921875,-0.06799125671386719,-0.4230232238769531,-0.9912796020507812,-0.302490234375,-0.30035924911499023,-0.834625244140625,-0.3315582275390625,-0.6223983764648438,-0.167816162109375,-0.08408355712890625
0.2153177261352539,-1.2109298706054688,0.5406455993652344,0.21562576293945312,-0.21014404296875,-0.05592155456542969,0.5203804969787598,-0.296630859375,-0.16153335571289062,-0.4106464385986328,-1.0634689331054688,-0.44802093505859375,-0.31119632720947266,-0.7679519653320312,-0.3108673095703125,-0.7365207672119141,-0.05975341796875,-0.14712142944335938
0.5864982604980469,-2.2072296142578125,-0.6140518188476562,0.9349079132080078,0.3514404296875,-0.18993186950683594,1.461944580078125,-0.00106048583984375,-0.42381858825683594,-0.7311973571777344,-2.6913375854492188,-0.37796783447265625,-0.4438037872314453,-2.2588119506835938,-0.547607421875,-1.6440410614013672,-0.5735015869140625,0.11237716674804688
0.4471282958984375,-0.82379150390625,-0.3393363952636719,0.4194011688232422,0.8288726806640625,-0.2152423858642578,0.6690044403076172,0.757781982421875,-0.37636375427246094,-0.12532615661621094,-0.7378463745117188,0.0859527587890625,-0.10758066177368164,-0.8994598388671875,-0.40700531005859375,-0.5047588348388672,-0.2101593017578125,0.06733322143554688
0.3202390670776367,-0.7200469970703125,0.7301712036132812,0.04957389831542969,0.2872772216796875,-0.11648368835449219,0.10286235809326172,0.257110595703125,-0.11972236633300781,0.009098052978515625,-0.1129608154296875,-0.00363922119140625,-0.029181957244873047,-0.24066925048828125,-0.20905303955078125,-0.06699371337890625,-0.051422119140625,-0.050083160400390625
-1.693410873413086,-1.4800872802734375,-1.1773529052734375,0.11320304870605469,0.47008514404296875,-1.3272380828857422,0.42059803009033203,0.890777587890625,-1.9005985260009766,-2.1783695220947266,-0.6034774780273438,-2.180816650390625,-2.571892738342285,-1.312347412109375,-2.2061080932617188,-1.3709220886230469,-1.949188232421875,-0.6947059631347656
-0.6923723220825195,-1.1569061279296875,0.035369873046875,-0.17600631713867188,-0.21783447265625,-0.7384204864501953,0.19789886474609375,0.1029052734375,-1.0354499816894531,-0.9546985626220703,-0.20899200439453125,-1.156402587890625,-1.1142044067382812,-0.5851287841796875,-1.0261611938476562,-0.4751739501953125,-1.15234375,-0.5623855590820312
0.06097412109375,-0.8863067626953125,0.7675132751464844,0.15167999267578125,-0.39939117431640625,-0.3736228942871094,0.4136991500854492,-0.2006683349609375,-0.5203018188476562,-0.1648731231689453,-0.046905517578125,-0.572784423828125,-0.16466522216796875,-0.189544677734375,-0.33301544189453125,0.06644439697265625,-0.557464599609375,-0.3869285583496094
0.26943016052246094,-0.4031219482421875,0.6395416259765625,0.24479293823242188,-0.199737548828125,-0.025949478149414062,0.5672807693481445,-0.1515045166015625,-0.09067153930664062,-0.03107452392578125,0.030670166015625,-0.15088653564453125,0.09017372131347656,0.0641326904296875,0.085540771484375,-0.03673744201660156,0.0372467041015625,-0.12063980102539062
1.0256624221801758,1.3321762084960938,-0.1817779541015625,1.156148910522461,2.4858169555664062,-0.2439403533935547,1.3408985137939453,2.5402908325195312,-0.40613555908203125,0.8357677459716797,1.2257080078125,-0.207733154296875,1.0246810913085938,1.4032974243164062,0.20639801025390625,0.7787761688232422,1.3983612060546875,0.03426361083984375
1.3614702224731445,1.5366592407226562,-1.1330986022949219,1.3208065032958984,4.681053161621094,-0.6853981018066406,1.8119087219238281,4.8785247802734375,-1.1415519714355469,1.0263195037841797,0.7389297485351562,-0.553314208984375,1.2828025817871094,0.9051589965820312,-0.43772125244140625,0.7364158630371094,1.494873046875,0.06386184692382812
1.032811164855957,0.7229461669921875,-0.8041763305664062,0.9754562377929688,3.3629608154296875,-0.15987396240234375,1.8196964263916016,3.5876312255859375,-0.6356964111328125,0.733489990234375,-0.5524978637695312,-0.15875244140625,1.0695810317993164,-0.1993255615234375,-0.09888458251953125,0.13356399536132812,0.77947998046875,0.3502082824707031
