0.10114288330078125,0.00318145751953125,-0.07844924926757812,0.18253326416015625,0.05843353271484375,-0.015720367431640625,0.21528244018554688,0.02497100830078125,0.000873565673828125,0.12659263610839844,-0.079742431640625,-0.059295654296875,0.13006210327148438,-0.0806884765625,-0.0279083251953125,0.11501121520996094,-0.07534027099609375,0.00357818603515625
0.0509490966796875,0.035888671875,-0.10298919677734375,0.1956920623779297,0.04926300048828125,-0.011404037475585938,0.23431015014648438,0.022247314453125,0.009033203125,0.10606575012207031,-0.08332061767578125,-0.05029296875,0.10985183715820312,-0.08409881591796875,-0.01699066162109375,0.0983734130859375,-0.08028411865234375,0.00826263427734375
0.05719566345214844,0.032501220703125,-0.09283065795898438,0.19420814514160156,0.10053253173828125,-0.024150848388671875,0.23932266235351562,0.04721832275390625,0.001129150390625,0.07407760620117188,-0.072998046875,-0.057403564453125,0.08228302001953125,-0.077392578125,-0.02152252197265625,0.08306121826171875,-0.0688018798828125,0.00032806396484375
0.023387908935546875,0.03693389892578125,-0.056156158447265625,0.147918701171875,0.07205963134765625,-0.025684356689453125,0.21033096313476562,0.06331634521484375,-0.0082550048828125,0.013507843017578125,-0.01486968994140625,-0.0355224609375,0.0307769775390625,-0.028472900390625,-0.0153961181640625,0.04829216003417969,-0.01561737060546875,-0.00830841064453125
-0.048435211181640625,0.140472412109375,-0.1690673828125,0.2269287109375,0.1371917724609375,-0.03915214538574219,0.3025970458984375,0.06906890869140625,-0.016971588134765625,0.06219291687011719,-0.0005340576171875,-0.04900360107421875,0.08228302001953125,-0.02867889404296875,-0.0212249755859375,0.13237953186035156,-0.002166748046875,-0.016876220703125
-0.24097824096679688,0.24738311767578125,-0.24359893798828125,0.2082977294921875,0.18798828125,-0.008121490478515625,0.29727935791015625,0.11713409423828125,0.00931549072265625,0.002277374267578125,0.0230865478515625,-0.00760650634765625,0.042301177978515625,-0.02140045166015625,-0.0045928955078125,0.11236381530761719,0.021514892578125,0.013031005859375
-0.2894134521484375,0.25023651123046875,-0.28216552734375,0.17402076721191406,0.13515472412109375,-0.0036411285400390625,0.24380111694335938,0.071380615234375,0.012523651123046875,0.0020618438720703125,0.02185821533203125,-0.00359344482421875,0.04638671875,-0.02516937255859375,-0.01422119140625,0.09236907958984375,0.01769256591796875,0.01071929931640625
-0.3198204040527344,0.20092010498046875,-0.2215423583984375,0.1788787841796875,0.17867279052734375,-0.011461257934570312,0.18671035766601562,-0.00231170654296875,-0.012569427490234375,-0.09816551208496094,0.01116943359375,-0.03821563720703125,-0.0386962890625,-0.10308837890625,-0.0177154541015625,0.2043323516845703,0.01175689697265625,-0.00635528564453125
-0.7691917419433594,0.3081817626953125,0.23789215087890625,0.11908721923828125,0.26625823974609375,0.22583389282226562,0.045223236083984375,-0.21602630615234375,0.2088623046875,-0.7222099304199219,0.13248443603515625,0.263702392578125,-0.5286369323730469,-0.2156982421875,0.24881744384765625,0.2749595642089844,0.11711883544921875,0.21883392333984375
-0.7972240447998047,0.17058563232421875,0.11720657348632812,0.14447784423828125,0.17411041259765625,-0.04467201232910156,0.040370941162109375,-0.309295654296875,-0.023632049560546875,-1.0151710510253906,0.32854461669921875,0.0706634521484375,-0.828765869140625,-0.05171966552734375,0.08351898193359375,0.07715606689453125,0.26678466796875,-0.0441436767578125
-0.7213973999023438,-0.088043212890625,-0.18016815185546875,0.024868011474609375,0.1969451904296875,-0.11705780029296875,-0.09179306030273438,-0.16214752197265625,-0.12827682495117188,-0.7406196594238281,0.01381683349609375,-0.1324310302734375,-0.6059494018554688,-0.27799224853515625,-0.1298980712890625,0.059108734130859375,-0.03326416015625,-0.11818695068359375
-1.0462045669555664,0.00356292724609375,-0.4112968444824219,0.002170562744140625,0.1990966796875,-0.09917449951171875,-0.14862823486328125,-0.17696380615234375,-0.10956192016601562,-0.6663799285888672,0.02828216552734375,-0.08233642578125,-0.5525665283203125,-0.27252197265625,-0.12252044677734375,0.05307769775390625,-0.0591583251953125,-0.09972381591796875
-1.6462392807006836,0.221282958984375,-0.4976615905761719,-0.2048206329345703,0.2333221435546875,-0.18408584594726562,-0.50482177734375,-0.39003753662109375,-0.22882080078125,-1.1875743865966797,0.05301666259765625,0.034912109375,-0.9821243286132812,-0.5275726318359375,-0.23848724365234375,0.04749488830566406,-0.1984100341796875,-0.1973724365234375
-1.6683731079101562,0.45227813720703125,-0.5621986389160156,-0.212493896484375,0.20946502685546875,-0.16032028198242188,-0.6338272094726562,-0.4579010009765625,-0.16339874267578125,-1.040395736694336,0.09746551513671875,0.0351409912109375,-0.890380859375,-0.41855621337890625,-0.2011871337890625,-0.019725799560546875,-0.1686859130859375,-0.1681671142578125
-3.354001045227051,0.9986572265625,-0.8157157897949219,-0.9497756958007812,0.5181961059570312,-0.2367877960205078,-1.9093284606933594,-0.8942718505859375,-0.31522369384765625,-2.5276050567626953,-0.18543243408203125,-0.125,-2.2561569213867188,-1.2875747680664062,-0.5468597412109375,-0.21895980834960938,-0.7652511596679688,-0.2920379638671875
-0.927149772644043,0.42193603515625,0.01735687255859375,-0.18613624572753906,0.141082763671875,-0.0004425048828125,-0.6473312377929688,-0.31502532958984375,-0.009616851806640625,-0.7700653076171875,0.326995849609375,0.234100341796875,-0.6995468139648438,-0.10092926025390625,0.08460235595703125,0.022861480712890625,0.022125244140625,-0.0221710205078125
-1.269510269165039,0.6013107299804688,0.006206512451171875,-0.37268638610839844,0.2693939208984375,-0.024625778198242188,-1.0147819519042969,-0.37702178955078125,-0.043849945068359375,-1.029947280883789,0.35543060302734375,0.0787200927734375,-0.9590606689453125,-0.1118316650390625,0.0230560302734375,-0.017408370971679688,0.0280303955078125,-0.0659637451171875
-2.2942466735839844,1.1305084228515625,0.40058135986328125,-0.7690181732177734,0.44785308837890625,0.025762557983398438,-1.8532047271728516,-0.6827392578125,-0.030986785888671875,-1.9828529357910156,0.9200439453125,0.250274658203125,-1.8686237335205078,0.04482269287109375,0.19731903076171875,0.07887077331542969,0.19924163818359375,-0.0673675537109375
-2.05951189994812,0.7559890747070312,0.49964141845703125,-0.20450973510742188,-0.37244415283203125,0.1772022247314453,-1.745462417602539,-0.555419921875,-0.084442138671875,-1.8717737197875977,0.80767822265625,0.22782135009765625,-1.8279151916503906,-0.05956268310546875,0.11785888671875,0.005054473876953125,-0.01824188232421875,-0.1129302978515625
-10.759929656982422,7.56524658203125,2.698028564453125,-2.8081016540527344,1.332977294921875,-0.6286430358886719,-7.793645858764648,-1.40283203125,-0.371337890625,-13.755631446838379,9.676933288574219,0.52313232421875,-14.528979301452637,4.458137512207031,0.4891815185546875,-2.804462432861328,2.1204071044921875,-0.842987060546875
-8.204678535461426,8.905044555664062,3.5260658264160156,-4.405292510986328,0.47747039794921875,0.48926353454589844,-8.960131645202637,-0.3670654296875,0.8747711181640625,-7.680438041687012,10.913955688476562,1.7762298583984375,-9.736652374267578,7.035835266113281,1.7032928466796875,-1.450002670288086,1.81207275390625,-0.00655364990234375
-1.8256664276123047,-0.9294815063476562,6.752613067626953,-2.921156406402588,3.3929977416992188,0.3063182830810547,-5.199134349822998,3.0119171142578125,0.3392143249511719,-2.1603193283081055,5.045501708984375,0.7633819580078125,-3.5739474296569824,3.449951171875,0.45610809326171875,-0.3373279571533203,0.34819793701171875,0.019989013671875
-1.770742416381836,1.1441421508789062,3.63201904296875,-1.964928150177002,3.3017654418945312,-0.0338897705078125,-3.6345372200012207,2.5128097534179688,0.19535064697265625,-0.6591281890869141,4.009971618652344,0.467742919921875,-1.7893670797348022,3.0215911865234375,0.2815704345703125,0.1475505828857422,0.5017776489257812,-0.269287109375
-2.3526649475097656,4.985992431640625,2.3205528259277344,-1.378422498703003,4.215690612792969,0.24369239807128906,-3.667590618133545,3.810760498046875,0.5148468017578125,-0.4459209442138672,5.2562103271484375,0.6441497802734375,-1.9497621059417725,4.213294982910156,0.5363693237304688,0.12351226806640625,0.8241119384765625,-0.0571136474609375
-1.606008529663086,8.401580810546875,1.9990043640136719,-0.4863159656524658,6.142662048339844,0.6339187622070312,-3.1602296829223633,6.498588562011719,0.8462257385253906,0.5177097320556641,7.0411529541015625,0.8081817626953125,-1.3440053462982178,6.0913238525390625,0.7356491088867188,0.5292129516601562,1.8918533325195312,0.1341705322265625
-0.2975502014160156,7.495208740234375,1.5370635986328125,1.0024833679199219,5.838836669921875,0.9447021484375,-1.0775632858276367,6.472755432128906,0.957672119140625,0.9728841781616211,5.701789855957031,0.7822952270507812,-0.6270871162414551,5.139518737792969,0.691650390625,0.564453125,1.6075668334960938,0.5184860229492188
0.5083408355712891,6.5815277099609375,0.6978225708007812,1.7975120544433594,5.1226806640625,0.4592018127441406,0.27205801010131836,5.757232666015625,0.3773651123046875,1.1511974334716797,4.947349548339844,0.1521759033203125,-0.17120790481567383,4.6324310302734375,0.06494903564453125,0.5818061828613281,1.7044525146484375,0.138946533203125
1.0717277526855469,5.392585754394531,0.356231689453125,2.373263359069824,4.060546875,0.30728912353515625,1.2502949237823486,4.584602355957031,0.19336700439453125,1.2405061721801758,4.1235198974609375,-0.115234375,0.26328372955322266,3.9617996215820312,-0.10462188720703125,0.7308349609375,1.5914764404296875,0.136871337890625
1.2561798095703125,4.6424407958984375,-0.05672454833984375,2.6035947799682617,3.378173828125,0.04002952575683594,1.739797830581665,3.7877349853515625,-0.12377548217773438,1.170945167541504,3.6204376220703125,-0.4510345458984375,0.37361907958984375,3.529937744140625,-0.3748626708984375,0.6921005249023438,1.4913558959960938,-0.03852081298828125
1.0379524230957031,2.865386962890625,-0.14766311645507812,2.1288414001464844,2.0214385986328125,-0.000339508056640625,1.6244962215423584,2.1685028076171875,-0.17566680908203125,0.7865872383117676,2.2758331298828125,-0.527587890625,0.33375120162963867,2.2414093017578125,-0.38231658935546875,0.5422706604003906,0.8741531372070312,-0.01094818115234375
0.7874755859375,2.0113983154296875,-0.06119537353515625,1.6766042709350586,1.5013275146484375,0.08865165710449219,1.2998535633087158,1.6182708740234375,-0.08781051635742188,0.5209188461303711,1.5560150146484375,-0.41632843017578125,0.17171812057495117,1.5425643920898438,-0.37250518798828125,0.3558368682861328,0.5057449340820312,0.03809356689453125
0.8870410919189453,2.2998199462890625,-0.4958839416503906,1.6574745178222656,1.4866180419921875,-0.4015350341796875,1.247832179069519,1.7108612060546875,-0.5420417785644531,0.6938588619232178,1.815460205078125,-0.8036651611328125,0.2576594352722168,1.8211898803710938,-0.7891464233398438,0.3645458221435547,0.6482009887695312,-0.44548797607421875
0.7401695251464844,1.671783447265625,-0.315155029296875,1.4049758911132812,0.891326904296875,-0.24814414978027344,1.0756595134735107,1.0722198486328125,-0.33817291259765625,0.5036611557006836,1.3877716064453125,-0.654296875,0.22124791145324707,1.3842697143554688,-0.5610198974609375,0.30242919921875,0.46060943603515625,-0.2223968505859375
0.5570850372314453,1.0737457275390625,-0.13562393188476562,0.9767017364501953,0.458953857421875,-0.1301746368408203,0.7505004405975342,0.5858306884765625,-0.17956924438476562,0.37145113945007324,0.9283447265625,-0.45574188232421875,0.1750202178955078,0.9286575317382812,-0.40478515625,0.2513847351074219,0.26027679443359375,-0.095611572265625
0.4303760528564453,0.71075439453125,-0.06049346923828125,0.7069816589355469,0.1806793212890625,-0.07950210571289062,0.5683293342590332,0.24725341796875,-0.12432861328125,0.24433636665344238,0.6518096923828125,-0.40787506103515625,0.13439345359802246,0.64056396484375,-0.313751220703125,0.20476722717285156,0.1268157958984375,-0.03958892822265625
0.35013580322265625,0.514434814453125,-0.052043914794921875,0.5321750640869141,0.0172271728515625,-0.09571266174316406,0.42353010177612305,0.0213470458984375,-0.12746047973632812,0.17586994171142578,0.5120849609375,-0.4035186767578125,0.09766364097595215,0.495452880859375,-0.304779052734375,0.17520904541015625,0.06806182861328125,-0.0433502197265625
0.32708740234375,0.35498046875,-0.0394134521484375,0.4389457702636719,-0.226806640625,-0.11263847351074219,0.3444223403930664,-0.2425537109375,-0.12030410766601562,0.18156027793884277,0.38726806640625,-0.379058837890625,0.06722307205200195,0.391387939453125,-0.3432159423828125,0.17160797119140625,-0.0302886962890625,-0.0286102294921875
0.3090839385986328,0.2311553955078125,-0.01522064208984375,0.39205169677734375,-0.3605804443359375,-0.09231376647949219,0.32517099380493164,-0.4405517578125,-0.10786819458007812,0.18375325202941895,0.27960205078125,-0.3245391845703125,0.05399751663208008,0.2957763671875,-0.34336090087890625,0.16812515258789062,-0.10492706298828125,0.00318145751953125
0.31055164337158203,0.1551666259765625,-0.08652114868164062,0.34336280822753906,-0.5762939453125,-0.20142555236816406,0.28204917907714844,-0.692108154296875,-0.194549560546875,0.197587251663208,0.2438507080078125,-0.40071868896484375,0.1268322467803955,0.240020751953125,-0.30136871337890625,0.17499160766601562,-0.15702056884765625,-0.06243896484375
0.34920597076416016,0.038970947265625,-0.0893096923828125,0.3638629913330078,-0.7546539306640625,-0.2243518829345703,0.27239322662353516,-0.83526611328125,-0.18645858764648438,0.23632097244262695,0.135223388671875,-0.423065185546875,0.18823623657226562,0.1250762939453125,-0.268646240234375,0.21269607543945312,-0.268768310546875,-0.06635284423828125
0.28371334075927734,-0.1416168212890625,-0.11367034912109375,0.33718299865722656,-0.8995361328125,-0.22683334350585938,0.2983393669128418,-1.078369140625,-0.209625244140625,0.15021169185638428,-0.0062408447265625,-0.447967529296875,0.14258432388305664,-0.023529052734375,-0.270416259765625,0.18362045288085938,-0.33786773681640625,-0.05084991455078125
0.34207916259765625,-0.267913818359375,-0.13721466064453125,0.4044151306152344,-1.037261962890625,-0.2511730194091797,0.4040360450744629,-1.2793121337890625,-0.2538909912109375,0.23425281047821045,-0.1417236328125,-0.42040252685546875,0.20088744163513184,-0.1462554931640625,-0.29950714111328125,0.24890708923339844,-0.44255828857421875,-0.06963348388671875
0.2515535354614258,-0.47314453125,-0.11049270629882812,0.38446807861328125,-1.0940704345703125,-0.19203567504882812,0.4417896270751953,-1.3630828857421875,-0.21317672729492188,0.15443003177642822,-0.3330230712890625,-0.32198333740234375,0.1094655990600586,-0.327423095703125,-0.30646514892578125,0.21183395385742188,-0.5121536254882812,-0.0160369873046875
0.1825714111328125,-0.628936767578125,-0.15271377563476562,0.40700340270996094,-1.0725250244140625,-0.2053852081298828,0.5079021453857422,-1.3132781982421875,-0.22803878784179688,0.032617032527923584,-0.44384765625,-0.39333343505859375,0.09277534484863281,-0.459320068359375,-0.31476593017578125,0.21735382080078125,-0.48609161376953125,-0.03034210205078125
0.17720317840576172,-0.647552490234375,-0.12617874145507812,0.41359519958496094,-0.9283447265625,-0.17670249938964844,0.5468249320983887,-1.188446044921875,-0.22374343872070312,0.0009380578994750977,-0.479644775390625,-0.40584564208984375,0.09007048606872559,-0.50543212890625,-0.32411956787109375,0.2334461212158203,-0.47617340087890625,-0.036895751953125
0.22794246673583984,-0.7683868408203125,-0.12302017211914062,0.43019866943359375,-0.784271240234375,-0.16161537170410156,0.6265382766723633,-1.1671600341796875,-0.2514495849609375,0.061208486557006836,-0.6159515380859375,-0.38714599609375,0.1861588954925537,-0.6427688598632812,-0.31862640380859375,0.32799339294433594,-0.5226898193359375,-0.0742340087890625
0.15189361572265625,-1.2581939697265625,-0.007110595703125,0.4187030792236328,-0.690948486328125,-0.018693923950195312,0.690342903137207,-1.1577301025390625,-0.12395858764648438,-0.04966127872467041,-1.0369415283203125,-0.25524139404296875,0.18924307823181152,-1.0704574584960938,-0.2707672119140625,0.43317604064941406,-0.5994415283203125,0.02643585205078125
0.052771568298339844,-1.3220672607421875,-0.006809234619140625,0.4478492736816406,-0.5037078857421875,0.051136016845703125,0.7631702423095703,-1.0130233764648438,-0.08230209350585938,-0.18628746271133423,-1.0824127197265625,-0.22086334228515625,0.10699272155761719,-1.1143417358398438,-0.24774932861328125,0.3699989318847656,-0.505035400390625,0.08530426025390625
0.04460716247558594,-1.43597412109375,0.0323028564453125,0.4838848114013672,-0.367919921875,0.10333633422851562,0.7934560775756836,-0.9316940307617188,-0.035427093505859375,-0.1089550256729126,-1.22686767578125,-0.01219940185546875,0.12939417362213135,-1.2217025756835938,-0.20302581787109375,0.39318275451660156,-0.49410247802734375,0.12197113037109375
0.055388450622558594,-1.511962890625,0.001605987548828125,0.4699687957763672,-0.2039642333984375,0.10062026977539062,0.7955856323242188,-0.8349227905273438,-0.0525970458984375,-0.17418384552001953,-1.2865753173828125,-0.1493072509765625,0.20309925079345703,-1.302886962890625,-0.15888214111328125,0.41211700439453125,-0.488739013671875,0.08667755126953125
-0.0019073486328125,-1.3627777099609375,-0.06472396850585938,0.3694610595703125,-0.1517181396484375,0.07064247131347656,0.7927894592285156,-0.764434814453125,-0.09664154052734375,-0.3422490358352661,-1.106201171875,-0.381744384765625,0.11318314075469971,-1.1373672485351562,-0.22277069091796875,0.3120765686035156,-0.35196685791015625,0.06475830078125
-0.10322761535644531,-1.387237548828125,-0.13297653198242188,0.3148651123046875,-0.173126220703125,0.015878677368164062,0.773615837097168,-0.798126220703125,-0.1157379150390625,-0.4087944030761719,-1.0852813720703125,-0.33001708984375,0.04204392433166504,-1.0815353393554688,-0.23604583740234375,0.22667312622070312,-0.1800994873046875,0.0637054443359375
-0.02768993377685547,-1.4343414306640625,-0.09201812744140625,0.18735694885253906,-0.52276611328125,-0.008020401000976562,0.7667713165283203,-1.041229248046875,-0.06558609008789062,-0.2760128974914551,-1.062255859375,-0.23024749755859375,0.16239142417907715,-1.0254058837890625,-0.16819000244140625,0.31839752197265625,-0.037200927734375,0.1101226806640625
-0.020053863525390625,-1.2564239501953125,-0.1279296875,0.2657470703125,-0.4889068603515625,-0.0046844482421875,0.7987184524536133,-0.9543914794921875,-0.067535400390625,-0.2748725414276123,-0.9332275390625,-0.24620819091796875,0.1267179250717163,-0.9049530029296875,-0.16504669189453125,0.22611236572265625,-0.0386810302734375,0.11269378662109375
0.02830219268798828,-1.2398223876953125,-0.15601730346679688,0.3346061706542969,-0.554107666015625,-0.0065898895263671875,0.8984861373901367,-1.0085296630859375,-0.040679931640625,-0.22976350784301758,-0.8828582763671875,-0.2176666259765625,0.14834338426589966,-0.8390426635742188,-0.1729736328125,0.23612213134765625,0.0395660400390625,0.14324188232421875
-0.15816020965576172,-1.7444839477539062,-0.323028564453125,0.03704833984375,-0.6668701171875,-0.06612396240234375,0.8826618194580078,-1.238861083984375,-0.06594467163085938,-0.5523891448974609,-1.2695770263671875,-0.2914581298828125,0.02638643980026245,-1.1768722534179688,-0.202911376953125,0.06683731079101562,0.19745635986328125,0.12993621826171875
0.013650894165039062,-2.606597900390625,-0.38863372802734375,-0.23201942443847656,-0.7221832275390625,-0.14643287658691406,1.1822128295898438,-1.4736557006835938,-0.15029525756835938,-0.5018153190612793,-1.924346923828125,-0.3736114501953125,0.38115572929382324,-1.76324462890625,-0.2830047607421875,0.2872047424316406,0.34090423583984375,0.04045867919921875
0.38785552978515625,-1.8382568359375,-0.5402412414550781,-0.059253692626953125,-0.5131683349609375,-0.10234260559082031,1.4398689270019531,-1.1125946044921875,-0.1746063232421875,-0.20704126358032227,-1.7130966186523438,-0.2575836181640625,0.5520731806755066,-1.5323410034179688,-0.22006988525390625,0.35056304931640625,0.29532623291015625,0.0301361083984375
0.6875448226928711,-1.52783203125,-0.8459968566894531,0.4074363708496094,-0.2266082763671875,0.40512657165527344,2.117725372314453,-0.7101058959960938,0.3270263671875,-0.16165685653686523,-1.8210830688476562,0.2101593017578125,0.6567433476448059,-1.5411376953125,0.15108489990234375,0.3051033020019531,0.6625747680664062,0.5913009643554688
1.0106630325317383,-2.9617767333984375,0.051975250244140625,-0.11866188049316406,-0.5005340576171875,1.5095844268798828,3.121847152709961,-1.0712661743164062,1.8558311462402344,-0.49720335006713867,-2.5089340209960938,1.576629638671875,1.236572504043579,-1.7582550048828125,1.6107177734375,-0.01457977294921875,2.7977218627929688,2.086273193359375
0.16755962371826172,-4.556556701660156,-1.2419090270996094,0.22635459899902344,-0.518096923828125,0.13167190551757812,2.717233657836914,-0.4463653564453125,-0.038311004638671875,-1.0920228958129883,-4.2134857177734375,-0.7325973510742188,0.16693246364593506,-3.4934539794921875,-0.6471939086914062,-1.104400634765625,-0.2341156005859375,0.28017425537109375
0.5587043762207031,-10.145339965820312,-3.07470703125,0.15501022338867188,-2.4387664794921875,-0.7545356750488281,4.878147125244141,-1.7689437866210938,-0.2704963684082031,-2.64227294921875,-8.924751281738281,-2.7581634521484375,-0.11446726322174072,-6.73065185546875,-1.9338150024414062,-4.251377105712891,0.000396728515625,-0.24549102783203125
3.964808464050293,-7.69891357421875,-3.273975372314453,0.4815807342529297,-0.0714263916015625,-0.8573455810546875,4.2981719970703125,1.4206161499023438,-0.7977638244628906,1.5189127922058105,-8.224891662597656,-2.578338623046875,3.209071636199951,-5.931793212890625,-2.2033233642578125,-1.6504325866699219,-0.961639404296875,-0.9642562866210938
3.508274793624878,-5.1273956298828125,-2.7369232177734375,-0.4337291717529297,0.158477783203125,-0.8448524475097656,2.291522979736328,1.7322769165039062,-0.7832374572753906,1.915949821472168,-6.074897766113281,-2.2163543701171875,2.861029624938965,-4.1424407958984375,-1.8730926513671875,-1.4173088073730469,-1.1146163940429688,-1.0344772338867188
3.488222599029541,-4.10345458984375,-1.7806320190429688,-1.1207122802734375,-0.5061798095703125,-0.6717910766601562,1.19488525390625,1.2125320434570312,-0.4847908020019531,2.344799757003784,-4.843902587890625,-1.4122390747070312,2.915043830871582,-3.0746307373046875,-1.1226425170898438,-1.1611671447753906,-0.9491195678710938,-0.7395782470703125
3.4390921592712402,-4.264686584472656,-1.4338455200195312,-1.4684677124023438,-0.875091552734375,-0.4682598114013672,0.599395751953125,1.133148193359375,-0.28517913818359375,2.323366165161133,-4.931434631347656,-1.2843399047851562,2.663893699645996,-3.1978530883789062,-1.0359573364257812,-1.4776687622070312,-1.6855010986328125,-0.5968170166015625
3.137378454208374,-2.73321533203125,-0.5430641174316406,-1.7176361083984375,-1.6859283447265625,-0.5942001342773438,-0.19805145263671875,0.3094635009765625,-0.3375053405761719,2.58242130279541,-3.1235198974609375,-0.2999458312988281,2.7026309967041016,-1.6037979125976562,-0.1370697021484375,-0.8663196563720703,-0.7274551391601562,-0.43740081787109375
2.9853577613830566,-2.6258773803710938,-0.6058387756347656,-1.5470294952392578,-1.965179443359375,-0.72320556640625,-0.3464317321777344,0.130340576171875,-0.43842315673828125,2.301314115524292,-2.9565200805664062,-0.5407066345214844,2.2472801208496094,-1.510406494140625,-0.31563568115234375,-1.1999092102050781,-1.0327072143554688,-0.5890274047851562
4.041495323181152,-3.367645263671875,-1.5220375061035156,-1.5523872375488281,-2.0362167358398438,-0.604400634765625,-0.45153045654296875,0.5552902221679688,-0.4257240295410156,3.4555506706237793,-4.466949462890625,-1.1547012329101562,3.206127166748047,-2.7536697387695312,-0.9253158569335938,-1.1044387817382812,-2.6569976806640625,-0.695709228515625
2.915337562561035,-1.9385528564453125,-0.16401290893554688,-1.744314193725586,-2.5846710205078125,-0.15961456298828125,-1.167572021484375,-0.511016845703125,-0.0122528076171875,2.8692126274108887,-2.563446044921875,0.2690238952636719,2.5226268768310547,-1.1873703002929688,0.38076019287109375,-0.8567161560058594,-1.471527099609375,-0.0039520263671875
1.880880355834961,-1.03546142578125,0.16263961791992188,-1.0876693725585938,-1.9923934936523438,-0.039592742919921875,-0.8825416564941406,-0.5105972290039062,0.11784744262695312,1.8141498565673828,-1.339935302734375,0.4026832580566406,1.4724197387695312,-0.3806304931640625,0.5308074951171875,-0.8711967468261719,-0.775146484375,0.1159515380859375
1.1269283294677734,-0.48529052734375,0.14815521240234375,-0.8584766387939453,-1.5576171875,-0.08638381958007812,-0.8474998474121094,-0.544158935546875,-0.041576385498046875,1.2355031967163086,-0.6053466796875,0.3868064880371094,0.9813499450683594,0.01567840576171875,0.4322052001953125,-0.5085678100585938,-0.32227325439453125,0.05394744873046875
0.8573360443115234,-0.27069854736328125,0.19746780395507812,-0.6766109466552734,-1.4250869750976562,0.033596038818359375,-0.73779296875,-0.5119781494140625,0.052768707275390625,1.097616195678711,-0.385040283203125,0.46219635009765625,0.8524990081787109,0.143524169921875,0.514892578125,-0.3908863067626953,-0.1944580078125,0.15692901611328125
0.7740058898925781,-0.27506256103515625,0.1834869384765625,-0.5610818862915039,-1.3195953369140625,0.02899932861328125,-0.6788444519042969,-0.4267120361328125,0.042011260986328125,0.9054203033447266,-0.36644744873046875,0.3058738708496094,0.6689529418945312,0.09287261962890625,0.38298797607421875,-0.41498756408691406,-0.237945556640625,0.11829376220703125
0.5589866638183594,-0.0673828125,0.003307342529296875,-0.5214834213256836,-1.3088836669921875,0.1362152099609375,-0.6952857971191406,-0.38961029052734375,0.12102508544921875,1.0886478424072266,-0.2622528076171875,0.424224853515625,0.8020801544189453,0.2107391357421875,0.5139923095703125,-0.318084716796875,-0.16620635986328125,0.22287750244140625
0.28420257568359375,0.062103271484375,-0.030120849609375,-0.4187126159667969,-0.9673995971679688,0.055805206298828125,-0.6254005432128906,-0.1634063720703125,0.012287139892578125,0.7709426879882812,-0.0784454345703125,0.1854095458984375,0.5253868103027344,0.23963165283203125,0.3118438720703125,-0.22342491149902344,-0.01421356201171875,0.11734771728515625
-0.06665992736816406,0.14191436767578125,-0.26461029052734375,-0.28443431854248047,-0.6140899658203125,0.035816192626953125,-0.5283660888671875,0.09255218505859375,-0.02773284912109375,0.5406684875488281,-0.0531768798828125,0.037628173828125,0.3666362762451172,0.137939453125,0.13250732421875,-0.08949089050292969,0.012786865234375,0.07173919677734375
0.0003204345703125,0.1387176513671875,-0.1934356689453125,-0.2686128616333008,-0.6085205078125,0.056674957275390625,-0.5294609069824219,0.07628631591796875,-0.006961822509765625,0.5307579040527344,-0.03863525390625,0.075347900390625,0.35626220703125,0.17049407958984375,0.16847991943359375,-0.09847450256347656,0.04691314697265625,0.09314727783203125
0.032257080078125,0.1667633056640625,-0.2504234313964844,-0.15803813934326172,-0.47974395751953125,-0.045383453369140625,-0.443695068359375,0.11081695556640625,-0.10302734375,0.5189208984375,-0.01375579833984375,-0.00794219970703125,0.4526252746582031,0.1784515380859375,-0.09778594970703125,-0.06599235534667969,0.0758209228515625,-0.01508331298828125
0.015317916870117188,0.7788314819335938,-0.2913360595703125,-0.36397647857666016,-1.0995025634765625,0.0482635498046875,-0.6467742919921875,-0.20728302001953125,-0.025661468505859375,1.6803722381591797,0.576416015625,0.573455810546875,1.3159828186035156,1.2659683227539062,0.5561981201171875,-0.12277030944824219,0.606414794921875,0.1332244873046875
-0.7122383117675781,1.6686477661132812,-0.5731735229492188,-0.21667098999023438,-1.0609588623046875,0.381622314453125,-0.5199222564697266,0.05458831787109375,0.3494529724121094,2.860994338989258,1.1914901733398438,0.9303665161132812,2.115570068359375,2.2353744506835938,1.0788192749023438,-0.16552162170410156,0.9570693969726562,0.4690093994140625
-0.7477302551269531,0.880950927734375,-0.5706520080566406,-0.13563823699951172,-0.6183242797851562,0.24527740478515625,-0.3063526153564453,-0.02083587646484375,0.22732162475585938,1.8779106140136719,0.9174423217773438,0.6049575805664062,1.3639450073242188,1.5513458251953125,0.65093994140625,-0.08841705322265625,0.62322998046875,0.30411529541015625
-0.40825843811035156,0.7456817626953125,-0.3332099914550781,-0.09487056732177734,-0.49674224853515625,0.2227630615234375,-0.2832622528076172,0.11985015869140625,0.17036056518554688,1.5594253540039062,1.107452392578125,0.6348648071289062,1.1626548767089844,1.58575439453125,0.534820556640625,-0.020662307739257812,0.7358932495117188,0.25208282470703125
-0.243682861328125,0.381072998046875,-0.2281646728515625,-0.009528160095214844,-0.37599945068359375,0.14896392822265625,-0.15159225463867188,0.0141143798828125,0.11094284057617188,1.0283756256103516,0.7470779418945312,0.37638092041015625,0.7615547180175781,1.0639419555664062,0.32309722900390625,0.00274658203125,0.45886993408203125,0.160247802734375
-0.34430885314941406,0.19525146484375,-0.2629241943359375,-0.015161514282226562,-0.15679931640625,0.092254638671875,-0.13411521911621094,0.1284942626953125,0.06630706787109375,0.6503486633300781,0.453125,0.1636199951171875,0.4951515197753906,0.6431045532226562,0.1419830322265625,0.018177032470703125,0.23882293701171875,0.10549163818359375
-0.25015830993652344,0.0888519287109375,-0.216888427734375,-0.03358268737792969,-0.0778350830078125,0.059337615966796875,-0.11867523193359375,0.12621307373046875,0.05002593994140625,0.4303092956542969,0.33069610595703125,0.07570648193359375,0.3152656555175781,0.45142364501953125,0.0791168212890625,-0.03178215026855469,0.13938140869140625,0.0738067626953125
-0.029520034790039062,0.09765625,-0.11173248291015625,-0.034984588623046875,0.00679779052734375,0.036853790283203125,-0.07467460632324219,0.13623809814453125,0.050632476806640625,0.3763275146484375,0.3144989013671875,0.00464630126953125,0.24939727783203125,0.41110992431640625,0.05649566650390625,-0.07392120361328125,0.11019134521484375,0.05666351318359375
-0.04533195495605469,0.058685302734375,-0.1496734619140625,-0.06857872009277344,0.085723876953125,0.043598175048828125,-0.09409332275390625,0.15117645263671875,0.07146072387695312,0.3168449401855469,0.24675750732421875,0.00310516357421875,0.19892501831054688,0.33116912841796875,0.04987335205078125,-0.11068153381347656,0.04277801513671875,0.0702667236328125
-0.21990013122558594,0.0517120361328125,-0.22181320190429688,-0.07969856262207031,-0.0140380859375,0.04802703857421875,-0.103424072265625,0.08550262451171875,0.06652450561523438,0.24460983276367188,0.20519256591796875,0.0233154296875,0.15000534057617188,0.25557708740234375,0.0479888916015625,-0.10848426818847656,0.01068115234375,0.06587982177734375
-0.10658836364746094,0.06206512451171875,-0.1131134033203125,-0.14594459533691406,-0.03256988525390625,0.024028778076171875,-0.1851978302001953,0.064849853515625,0.038818359375,0.20386314392089844,0.216827392578125,-0.00273895263671875,0.08850479125976562,0.27215576171875,0.0382843017578125,-0.17205238342285156,0.01760101318359375,0.040985107421875
0.016057968139648438,0.00559234619140625,-0.03661346435546875,-0.2075052261352539,-0.04848480224609375,0.023265838623046875,-0.26033782958984375,0.05396270751953125,0.02906036376953125,0.15989303588867188,0.14838409423828125,-0.01380157470703125,0.06281280517578125,0.19797515869140625,0.00839996337890625,-0.18009567260742188,-0.04006195068359375,0.038055419921875
0.068206787109375,-0.00829315185546875,0.0275115966796875,-0.18113327026367188,-0.08931732177734375,0.041439056396484375,-0.24851608276367188,0.0203094482421875,0.049846649169921875,0.12208938598632812,0.145477294921875,0.0333709716796875,0.02515411376953125,0.19936370849609375,0.04637908935546875,-0.2132854461669922,-0.039093017578125,0.0532073974609375
-0.0689849853515625,-0.04322052001953125,-0.02272796630859375,-0.33435726165771484,-0.05454254150390625,-0.008129119873046875,-0.39432334899902344,0.024322509765625,-0.002147674560546875,-0.04930877685546875,0.07123565673828125,-0.04460906982421875,-0.12887191772460938,0.1176605224609375,-0.02416229248046875,-0.3248138427734375,-0.08293914794921875,0.003662109375
-0.17323875427246094,-0.1054229736328125,-0.00872039794921875,-0.25467872619628906,-0.17955780029296875,-0.042385101318359375,-0.240814208984375,-0.17908477783203125,-0.048336029052734375,-0.1306934356689453,-0.01374053955078125,-0.0308685302734375,-0.13094711303710938,-0.01384735107421875,-0.04144287109375,-0.17831802368164062,-0.07399749755859375,-0.0341033935546875
-1.5334053039550781,-0.6324691772460938,-0.1735076904296875,-1.1439857482910156,-0.36772918701171875,-0.11678314208984375,-0.9847621917724609,-0.7957382202148438,-0.13044357299804688,-1.4041194915771484,-0.8424911499023438,-0.20259857177734375,-1.1552848815917969,-1.0363540649414062,-0.2296295166015625,-0.7266759872436523,-0.6393661499023438,-0.09299468994140625
-0.7875251770019531,-0.239990234375,-0.13761520385742188,-0.46176624298095703,-0.0426025390625,-0.06183624267578125,-0.3811817169189453,-0.29876708984375,-0.06594467163085938,-0.7060623168945312,-0.4290313720703125,-0.138671875,-0.5627822875976562,-0.5478286743164062,-0.13446044921875,-0.2659645080566406,-0.27906036376953125,-0.05353546142578125
-1.4616947174072266,-0.4499969482421875,-0.47354698181152344,-0.9717416763305664,0.11310577392578125,-0.2069091796875,-0.8291034698486328,-0.50531005859375,-0.2318267822265625,-1.2629280090332031,-0.8864212036132812,-0.39881134033203125,-0.9511680603027344,-1.1898956298828125,-0.48552703857421875,-0.3595743179321289,-0.6507949829101562,-0.19879913330078125
-1.7474346160888672,-0.2416839599609375,-0.20199012756347656,-0.9137182235717773,0.298248291015625,-0.09835433959960938,-0.7166404724121094,-0.5862350463867188,-0.11894607543945312,-1.8787002563476562,-0.7333526611328125,-0.05866241455078125,-1.4075126647949219,-1.1824722290039062,-0.282440185546875,-0.4078350067138672,-0.38291168212890625,-0.0971832275390625
-1.6758842468261719,-0.20189666748046875,-0.0039272308349609375,-0.8433680534362793,0.22188568115234375,-0.15007781982421875,-0.6720218658447266,-0.7464828491210938,-0.2130279541015625,-2.15240478515625,-0.5678558349609375,0.18123626708984375,-1.59649658203125,-1.1737136840820312,-0.21996307373046875,-0.25669193267822266,-0.25734710693359375,-0.16536712646484375
-1.6324882507324219,-0.200775146484375,0.0548553466796875,-0.8022336959838867,0.12735748291015625,-0.13396453857421875,-0.7487163543701172,-0.9564132690429688,-0.18771743774414062,-2.1748619079589844,-0.42401885986328125,0.5068893432617188,-1.690216064453125,-1.0300140380859375,0.001434326171875,-0.2704906463623047,-0.27081298828125,-0.1534576416015625
-2.8446288108825684,-0.332275390625,0.023904800415039062,-1.248971939086914,0.4304046630859375,-0.23331451416015625,-1.1464481353759766,-1.320587158203125,-0.33602142333984375,-3.8614501953125,-0.9042282104492188,0.10066986083984375,-3.1085376739501953,-1.907684326171875,-0.2301483154296875,-0.4334840774536133,-0.5349960327148438,-0.27875518798828125
-3.8417739868164062,-0.5282363891601562,0.21847152709960938,-1.53654146194458,0.9871139526367188,-0.9782600402832031,-1.6374492645263672,-1.745819091796875,-1.0904769897460938,-6.540888786315918,-0.7735519409179688,-0.7309646606445312,-5.455049514770508,-2.5291900634765625,-1.118804931640625,-0.9534063339233398,-0.658782958984375,-1.0400848388671875
-3.7861886024475098,-0.1997528076171875,1.1442375183105469,-1.0723059177398682,0.30852508544921875,-0.22853469848632812,-1.5243549346923828,-2.062896728515625,-0.2960777282714844,-5.7381591796875,0.34770965576171875,0.37401580810546875,-5.006950378417969,-1.2938766479492188,0.0543365478515625,-0.8555641174316406,-0.19696807861328125,-0.25745391845703125
-3.3301844596862793,0.42343902587890625,0.6395492553710938,-0.9047809839248657,0.20269012451171875,-0.11199188232421875,-1.5854721069335938,-1.5775909423828125,-0.17369461059570312,-3.918727397918701,0.8840484619140625,0.599151611328125,-3.480682373046875,-0.418609619140625,0.0940093994140625,-0.5385379791259766,0.0596466064453125,-0.1435546875
-2.648317337036133,0.6236801147460938,0.2922706604003906,-0.812025785446167,-0.043365478515625,0.016719818115234375,-1.7209548950195312,-1.2440261840820312,-0.03699493408203125,-2.5137600898742676,0.7454910278320312,0.7027587890625,-2.3032522201538086,-0.14019012451171875,0.29312896728515625,-0.3535928726196289,-0.01067352294921875,-0.01908111572265625
-4.51636266708374,1.5568695068359375,0.6840705871582031,-0.8859415054321289,0.39574432373046875,-0.06642913818359375,-2.255984306335449,-1.4929580688476562,-0.036319732666015625,-4.912092685699463,1.980438232421875,0.6887130737304688,-4.665599346160889,0.36714935302734375,0.35938262939453125,-0.8900070190429688,0.36669921875,-0.0723876953125
-3.4714908599853516,1.2395477294921875,1.0547409057617188,-0.9044315814971924,0.461273193359375,-0.15000152587890625,-2.3867855072021484,-1.0037078857421875,-0.14236068725585938,-4.008779048919678,2.1556243896484375,0.393218994140625,-3.9992377758026123,0.7072677612304688,0.1831512451171875,-0.6931328773498535,0.36289215087890625,-0.18248748779296875
-2.4843759536743164,0.8791046142578125,0.85589599609375,-0.8034197092056274,0.42336273193359375,-0.08414077758789062,-2.220287322998047,-0.496246337890625,-0.0944061279296875,-2.7244176864624023,1.7727279663085938,0.48291015625,-2.8510990142822266,0.5885391235351562,0.0822601318359375,-0.4963054656982422,0.14276885986328125,-0.1338348388671875
-2.5632877349853516,1.3781356811523438,1.2554206848144531,-0.39593183994293213,0.5517044067382812,0.14633941650390625,-1.8138923645019531,-0.27440643310546875,0.16896820068359375,-2.9062423706054688,2.3254165649414062,0.4908294677734375,-3.1032304763793945,1.1414718627929688,0.4122467041015625,-0.368074893951416,0.37770843505859375,0.11399078369140625
-1.3701248168945312,0.45958709716796875,2.0478248596191406,-0.436893105506897,0.44915008544921875,0.307525634765625,-1.517282485961914,0.03546905517578125,0.24671554565429688,-2.0526885986328125,1.7696151733398438,0.3862457275390625,-2.2540104389190674,0.8748626708984375,0.3659515380859375,-0.11505365371704102,0.1169586181640625,0.2224273681640625
-3.126239776611328,3.2731170654296875,1.5471649169921875,-0.9985251426696777,0.25669097900390625,0.44919586181640625,-2.1661362648010254,0.22626495361328125,0.2912483215332031,-2.625089645385742,3.8452606201171875,0.7244415283203125,-3.046839714050293,2.5052947998046875,0.6625289916992188,0.07855987548828125,1.0751190185546875,0.18201446533203125
-1.6180171966552734,1.5166244506835938,0.6466484069824219,-0.6430814266204834,0.08434295654296875,0.3704376220703125,-1.190258264541626,0.34638214111328125,0.16301345825195312,-1.3061332702636719,1.5869140625,0.26241302490234375,-1.5916485786437988,0.863372802734375,0.195892333984375,0.06093597412109375,-0.02066802978515625,0.1453704833984375
-1.5288238525390625,1.7198257446289062,1.1854171752929688,-0.5863475799560547,0.6120223999023438,0.4159889221191406,-1.4072213172912598,0.5664443969726562,0.247161865234375,-1.3238506317138672,2.2465286254882812,0.440155029296875,-1.757796287536621,1.3445663452148438,0.3389892578125,0.2740898132324219,0.0707550048828125,0.2054443359375
-1.5728683471679688,2.2109603881835938,0.6742019653320312,-0.2572035789489746,0.9921722412109375,0.26142120361328125,-1.1613659858703613,0.8623046875,0.17580413818359375,-1.3474540710449219,2.7218475341796875,0.29119110107421875,-1.85076904296875,1.8512039184570312,0.27014923095703125,0.13304758071899414,0.384521484375,0.12602996826171875
-2.1583213806152344,4.370521545410156,1.0063209533691406,0.10840702056884766,1.427978515625,0.4318580627441406,-1.3170884847640991,1.1451568603515625,0.44594573974609375,-1.4176368713378906,4.6537322998046875,0.6649246215820312,-2.2943220138549805,3.4177703857421875,0.6701736450195312,0.45383501052856445,0.963043212890625,0.32028961181640625
-1.8960151672363281,5.258392333984375,0.14862442016601562,0.2727208137512207,1.755279541015625,0.5514717102050781,-1.3691811561584473,1.5462112426757812,0.5375289916992188,-0.874359130859375,5.0067596435546875,0.7685470581054688,-1.9968347549438477,3.7396087646484375,0.7319793701171875,0.7445330619812012,0.6615371704101562,0.39502716064453125
-0.8880691528320312,3.2895736694335938,-0.1333770751953125,0.17519092559814453,1.3290328979492188,0.35312461853027344,-0.7977715730667114,1.3827972412109375,0.3185157775878906,-0.27808189392089844,3.1107025146484375,0.4482421875,-1.0350303649902344,2.4203643798828125,0.39654541015625,0.4107398986816406,0.44242095947265625,0.23538970947265625
-0.8850631713867188,6.19384765625,-0.4630546569824219,0.9602127075195312,3.3533096313476562,-0.177581787109375,-0.548363208770752,2.9726409912109375,-0.12530899047851562,-0.05367279052734375,5.597694396972656,-0.05794525146484375,-1.3153572082519531,4.656303405761719,-0.10239410400390625,0.6297607421875,1.4442901611328125,-0.2157440185546875
-0.4805183410644531,5.874687194824219,-0.3962135314941406,1.3400026559829712,3.959442138671875,0.013492584228515625,-0.03236579895019531,3.2655487060546875,0.057292938232421875,-0.016590118408203125,5.15777587890625,-0.0789642333984375,-1.1466484069824219,4.4881591796875,-0.0621490478515625,0.25195789337158203,1.5760040283203125,0.0431365966796875
0.08840179443359375,4.46343994140625,-0.031497955322265625,0.7830777168273926,3.0536346435546875,0.126861572265625,-0.239210844039917,1.891204833984375,0.06997299194335938,0.6808204650878906,3.7528610229492188,0.147491455078125,-0.39731407165527344,3.2453460693359375,0.15718841552734375,0.5798673629760742,0.41211700439453125,-0.02707672119140625
0.09923553466796875,2.6179885864257812,-0.15387344360351562,0.5778548121452332,1.8926849365234375,0.06127357482910156,-0.1758427619934082,1.0272369384765625,0.01983642578125,0.37491416931152344,2.169921875,0.00732421875,-0.3017311096191406,1.9007415771484375,0.01744842529296875,0.18534183502197266,0.11244964599609375,-0.04245758056640625
0.2936744689941406,2.231903076171875,-0.16060638427734375,0.8928810358047485,1.258941650390625,0.012828826904296875,-0.06847715377807617,0.8776626586914062,0.016605377197265625,0.5136089324951172,1.788360595703125,-0.00926971435546875,-0.12311744689941406,1.5810775756835938,-0.0301513671875,0.2425823211669922,-0.03430938720703125,-0.05525970458984375
0.7466163635253906,2.8401718139648438,-0.26065826416015625,1.6210097074508667,1.2286224365234375,-0.04620933532714844,0.17994117736816406,1.3049850463867188,-0.055591583251953125,0.9840354919433594,2.1111831665039062,-0.08477783203125,0.09258270263671875,1.8894271850585938,-0.1739959716796875,0.47559261322021484,-0.29006195068359375,-0.166046142578125
0.9756355285644531,2.5152359008789062,-0.34734344482421875,1.8714067935943604,1.022735595703125,-0.07266616821289062,0.506317138671875,1.2773513793945312,-0.08280181884765625,1.080301284790039,1.8399429321289062,-0.1063690185546875,0.2678966522216797,1.6956405639648438,-0.2376708984375,0.5016155242919922,-0.275848388671875,-0.17916107177734375
1.2464313507080078,2.2269973754882812,-0.5322952270507812,2.1819357872009277,0.9366607666015625,-0.157012939453125,0.8878812789916992,1.3119125366210938,-0.19739151000976562,1.2405719757080078,1.5627899169921875,-0.17314910888671875,0.4696311950683594,1.4675750732421875,-0.4202880859375,0.5992927551269531,-0.3436737060546875,-0.29193115234375
1.1833648681640625,1.76861572265625,-0.47034454345703125,2.004343032836914,0.5399627685546875,-0.12760353088378906,0.8495128154754639,0.9227066040039062,-0.14141082763671875,1.1892757415771484,1.266693115234375,0.0946044921875,0.5759124755859375,1.2520599365234375,-0.15374755859375,0.5063104629516602,-0.34326171875,-0.22528076171875
1.0624275207519531,1.2196044921875,-0.522735595703125,1.9114274978637695,0.283966064453125,-0.105316162109375,0.9044575691223145,0.6136016845703125,-0.12728500366210938,0.9758644104003906,0.845947265625,0.1405487060546875,0.48370361328125,0.8572540283203125,-0.1798553466796875,0.3883962631225586,-0.391387939453125,-0.18902587890625
2.8634777069091797,2.087066650390625,0.1746673583984375,2.3717613220214844,-0.3791351318359375,-0.23461532592773438,1.1907248497009277,0.16712188720703125,-0.01367950439453125,3.3311920166015625,1.71490478515625,0.3471527099609375,2.6217041015625,1.742156982421875,0.46019744873046875,2.226369857788086,-0.3166656494140625,-0.2138824462890625
1.9330596923828125,1.6484832763671875,-0.13555145263671875,1.7663135528564453,-0.4316253662109375,-0.27848052978515625,0.9810556769371033,-0.04779815673828125,-0.09048843383789062,2.1367063522338867,1.5570220947265625,0.0469207763671875,1.6589298248291016,1.5925064086914062,0.1973419189453125,1.317490577697754,0.12491607666015625,-0.13890838623046875
0.9578304290771484,0.7883148193359375,-0.0878448486328125,0.8734340667724609,-0.2129669189453125,-0.1426239013671875,0.44412338733673096,-0.076690673828125,-0.049449920654296875,1.056563377380371,0.7532501220703125,0.0290069580078125,0.8873147964477539,0.7997970581054688,0.1975250244140625,0.6438808441162109,0.06105804443359375,-0.06789398193359375
0.5317916870117188,0.427886962890625,-0.06657791137695312,0.5676774978637695,-0.17010498046875,-0.110260009765625,0.2091810703277588,-0.23401641845703125,-0.05129241943359375,0.5852851867675781,0.4208526611328125,0.02063751220703125,0.5174093246459961,0.45697021484375,0.15047454833984375,0.35723876953125,0.03386688232421875,-0.03766632080078125
1.3720893859863281,0.8267059326171875,-0.0540008544921875,1.07733154296875,-0.6538238525390625,-0.21892166137695312,0.5321621894836426,-0.5245285034179688,-0.08245849609375,1.5422935485839844,0.7654266357421875,-0.020599365234375,1.2477216720581055,0.807403564453125,0.15606689453125,0.9425582885742188,-0.155364990234375,-0.10237884521484375
0.8673744201660156,0.5107421875,-0.041591644287109375,0.7286338806152344,-0.4722442626953125,-0.15922164916992188,0.3083069324493408,-0.45864105224609375,-0.0665130615234375,0.9796018600463867,0.4740753173828125,0.00324249267578125,0.7787685394287109,0.49652862548828125,0.071136474609375,0.5888690948486328,-0.09706878662109375,-0.06396484375
1.1097393035888672,0.01727294921875,0.17797088623046875,1.0924491882324219,-0.7741241455078125,0.08489990234375,0.5790026187896729,-0.7186355590820312,0.098052978515625,1.1749916076660156,-0.2292938232421875,0.23777008056640625,0.9304323196411133,-0.2037811279296875,0.217529296875,0.7209396362304688,-0.839111328125,0.09546661376953125
0.9632492065429688,-0.044647216796875,0.13648605346679688,1.0484504699707031,-0.7676849365234375,0.10232925415039062,0.6071333885192871,-0.7197189331054688,0.07953262329101562,0.9598598480224609,-0.2833099365234375,0.19625091552734375,0.7461576461791992,-0.259613037109375,0.17293548583984375,0.5621261596679688,-0.8189773559570312,0.11008453369140625
0.9569416046142578,0.0845794677734375,-0.019390106201171875,0.9392986297607422,-0.905517578125,-0.046535491943359375,0.5597820281982422,-0.8224945068359375,-0.00908660888671875,0.955350399017334,0.00640869140625,0.02483367919921875,0.7576637268066406,0.016510009765625,0.05443572998046875,0.5739841461181641,-0.5443878173828125,0.03194427490234375
0.7715282440185547,-0.1376953125,-0.000698089599609375,0.8790512084960938,-0.838623046875,0.024715423583984375,0.5758857727050781,-0.8351821899414062,-0.003753662109375,0.7014455795288086,-0.2462158203125,0.04988861083984375,0.5673055648803711,-0.2507476806640625,0.04494476318359375,0.43903160095214844,-0.6521072387695312,0.0597076416015625
0.6431064605712891,-0.188232421875,-0.006072998046875,0.8240146636962891,-0.7888641357421875,0.056285858154296875,0.5746030807495117,-0.8332595825195312,-0.0046234130859375,0.5442147254943848,-0.30322265625,0.057098388671875,0.43196678161621094,-0.30123138427734375,0.0321502685546875,0.33783721923828125,-0.6175384521484375,0.07906341552734375
0.3920631408691406,-0.369171142578125,-0.18270111083984375,0.9069538116455078,-0.769287109375,0.044719696044921875,0.6843228340148926,-0.8567047119140625,-0.08592987060546875,0.12845849990844727,-0.4627838134765625,-0.0965576171875,0.08485126495361328,-0.47182464599609375,-0.1230926513671875,0.07048606872558594,-0.6670761108398438,0.0453338623046875
0.29922008514404297,-1.619354248046875,-0.4083518981933594,1.117990493774414,-1.1305999755859375,-0.019161224365234375,1.1647706031799316,-1.2154769897460938,-0.25252532958984375,-0.0821843147277832,-1.7171783447265625,-0.27474212646484375,0.05002307891845703,-1.7273788452148438,-0.37915802001953125,0.2340106964111328,-1.4603118896484375,-0.1259002685546875
1.1198158264160156,0.5684661865234375,-0.9069633483886719,0.6248092651367188,-1.5071258544921875,-0.8939132690429688,0.4884815216064453,-1.4962005615234375,-0.609466552734375,1.2031159400939941,1.141387939453125,-0.9148101806640625,1.0425567626953125,1.1471481323242188,-0.6403045654296875,0.8671875,0.5319747924804688,-0.5411376953125
1.2564420700073242,0.3615264892578125,-0.7465438842773438,0.5365180969238281,-1.4909896850585938,-0.8258743286132812,0.48259544372558594,-1.490447998046875,-0.519866943359375,1.4144058227539062,0.9368438720703125,-0.8443145751953125,1.3202295303344727,0.9189910888671875,-0.5395050048828125,1.1488265991210938,0.395263671875,-0.5326004028320312
0.7701559066772461,0.1885528564453125,-0.4675407409667969,0.34385108947753906,-0.9744415283203125,-0.5060462951660156,0.36720848083496094,-1.1338043212890625,-0.3379631042480469,0.8383045196533203,0.5861358642578125,-0.5647048950195312,0.8153963088989258,0.5560226440429688,-0.3442230224609375,0.7252597808837891,0.23860931396484375,-0.33203125
0.5821008682250977,-0.0265045166015625,-0.410369873046875,0.405487060546875,-0.7734222412109375,-0.375579833984375,0.6338605880737305,-1.10491943359375,-0.3138160705566406,0.5732464790344238,0.319549560546875,-0.4806671142578125,0.5690088272094727,0.30487823486328125,-0.35326385498046875,0.5930995941162109,0.13637542724609375,-0.2513275146484375
0.4469890594482422,-0.1824798583984375,-0.3941612243652344,0.43266868591308594,-0.6805572509765625,-0.3085479736328125,0.8297996520996094,-1.053680419921875,-0.3127288818359375,0.39587080478668213,0.126434326171875,-0.4322052001953125,0.3749656677246094,0.131134033203125,-0.40273284912109375,0.49640464782714844,0.0673370361328125,-0.21308135986328125
0.3783597946166992,-1.0263214111328125,-0.4397621154785156,0.6602897644042969,-0.6807479858398438,-0.32929229736328125,1.2564468383789062,-1.1829299926757812,-0.3433647155761719,0.24952149391174316,-0.598358154296875,-0.48845672607421875,0.48751020431518555,-0.6427536010742188,-0.45348358154296875,0.8317794799804688,-0.1224822998046875,-0.2581024169921875
-0.04630279541015625,-2.1250152587890625,-0.5882759094238281,0.7300930023193359,-0.7422409057617188,-0.3505668640136719,1.7781667709350586,-1.61572265625,-0.3632621765136719,-0.3745819330215454,-1.359588623046875,-0.6603927612304688,0.29523634910583496,-1.4639816284179688,-0.5529403686523438,0.9562473297119141,-0.01403045654296875,-0.26038360595703125
-0.5302114486694336,-3.506683349609375,-0.6233749389648438,0.5750370025634766,-1.3834381103515625,-0.31817626953125,2.0580406188964844,-2.4745025634765625,-0.1573028564453125,-0.9934406280517578,-2.22314453125,-0.6451416015625,0.07359075546264648,-2.3044586181640625,-0.5188369750976562,0.9528636932373047,0.22304534912109375,-0.1237945556640625
-0.0916738510131836,-2.9199371337890625,-0.4629096984863281,1.0309066772460938,-0.7820587158203125,-0.06622314453125,2.3660240173339844,-1.4589309692382812,-0.08927536010742188,-0.6990177631378174,-2.1315155029296875,-0.45006561279296875,0.10970020294189453,-2.137725830078125,-0.4485015869140625,0.7228775024414062,-0.0308380126953125,0.02490234375
0.18111228942871094,-2.9164810180664062,-0.6092491149902344,1.3032588958740234,-0.9003677368164062,-0.1173248291015625,2.8217716217041016,-1.5094375610351562,-0.0418243408203125,-0.5444478988647461,-1.92877197265625,-0.5847702026367188,0.3292076587677002,-1.8684844970703125,-0.5173492431640625,0.8096065521240234,0.4274139404296875,0.01468658447265625
1.115835189819336,-4.386421203613281,-0.69158935546875,0.8520355224609375,-1.0474700927734375,0.7358779907226562,4.7179718017578125,-2.5680618286132812,1.5656394958496094,-1.080493450164795,-2.9392929077148438,0.19788360595703125,1.4955835342407227,-2.3947296142578125,0.8722991943359375,1.6076602935791016,3.848602294921875,1.0356979370117188
2.5984420776367188,-3.3110122680664062,-1.0792884826660156,2.8849029541015625,0.15831756591796875,0.7097053527832031,5.76097297668457,-0.1429443359375,0.92462158203125,0.5070595741271973,-4.089607238769531,0.13129425048828125,2.4825544357299805,-3.2962875366210938,0.45864105224609375,1.70855712890625,1.849578857421875,0.7802352905273438
2.4165987968444824,-1.3186569213867188,2.961376190185547,2.987152099609375,1.9331741333007812,3.309612274169922,4.776325225830078,2.127288818359375,3.3634719848632812,1.513179063796997,-0.8558883666992188,2.98162841796875,2.5239696502685547,-0.3146820068359375,3.0237350463867188,1.7303504943847656,2.6139068603515625,3.3261871337890625
1.762791633605957,-2.6402053833007812,2.4461593627929688,1.5507125854492188,1.4667739868164062,2.1727333068847656,3.572185516357422,1.975067138671875,1.970001220703125,1.0995047092437744,-2.9287872314453125,2.2530899047851562,2.034689426422119,-2.3047637939453125,1.9569854736328125,0.8605079650878906,0.7501373291015625,2.1643905639648438
0.41595959663391113,-2.2068328857421875,0.6604499816894531,0.7800941467285156,-0.03849029541015625,0.3976421356201172,2.1567115783691406,0.6372451782226562,0.3934745788574219,0.0651087760925293,-1.8850326538085938,0.6980819702148438,0.47773027420043945,-1.5553970336914062,0.2557830810546875,-0.43767547607421875,0.3133544921875,0.3869781494140625
0.07715725898742676,-4.297309875488281,0.4482574462890625,1.0306777954101562,0.07927703857421875,0.07297325134277344,2.7473716735839844,1.036224365234375,0.045581817626953125,-0.9776773452758789,-3.3748397827148438,-0.55584716796875,-0.17372560501098633,-2.7042770385742188,-0.5928268432617188,-1.5967521667480469,-0.15727996826171875,-0.047637939453125
2.423184394836426,-7.615669250488281,-1.4365997314453125,1.8497810363769531,0.24533843994140625,0.2458972930908203,4.721988677978516,1.7709884643554688,0.20589828491210938,0.17913508415222168,-7.977874755859375,-0.9200057983398438,1.5486364364624023,-6.4967193603515625,-1.1127548217773438,-1.8844833374023438,-1.9271011352539062,-0.11530303955078125
3.386464834213257,-6.2320556640625,-1.8638572692871094,1.3426933288574219,0.8547897338867188,-0.4115161895751953,3.7161788940429688,2.5503616333007812,-0.2851142883300781,1.1845344305038452,-6.870147705078125,-1.8927688598632812,2.443946361541748,-5.005500793457031,-1.4116058349609375,-1.5310192108154297,-1.38995361328125,-0.8531341552734375
3.2812039852142334,-4.222877502441406,-1.5202369689941406,0.6821746826171875,0.9869155883789062,-0.5747699737548828,2.4056968688964844,2.5547409057617188,-0.37342071533203125,1.6004488468170166,-4.8267364501953125,-1.70843505859375,2.3587961196899414,-3.2548294067382812,-1.3330917358398438,-1.1473388671875,-0.8187942504882812,-0.9543914794921875
3.9435582160949707,-4.406578063964844,-2.9041175842285156,0.48513031005859375,2.2484130859375,-1.7514781951904297,2.0182533264160156,3.9733123779296875,-1.6940498352050781,2.0171701908111572,-5.279571533203125,-3.6811904907226562,2.530618667602539,-3.7096023559570312,-3.3658676147460938,-1.158975601196289,-1.7351455688476562,-2.4061660766601562
3.087648391723633,-3.021453857421875,-1.4858875274658203,-1.0789527893066406,1.849884033203125,-1.3920059204101562,0.0219879150390625,3.4183502197265625,-1.4240303039550781,1.9541770219802856,-3.4398345947265625,-2.35528564453125,2.208782196044922,-2.2309341430664062,-2.1966476440429688,-0.6713752746582031,-1.1035003662109375,-1.7222137451171875
2.7225513458251953,-2.0519561767578125,-0.1889190673828125,-1.2169609069824219,0.5709381103515625,-0.6347808837890625,-0.3723297119140625,2.0192489624023438,-0.5106010437011719,1.9421322345733643,-2.2735824584960938,-0.7667198181152344,2.065704345703125,-1.1782302856445312,-0.6037673950195312,-0.5313930511474609,-0.40399169921875,-0.6748123168945312
2.131171226501465,-1.331512451171875,-0.05212974548339844,-1.3147659301757812,0.374481201171875,-0.4310111999511719,-0.6762733459472656,1.6430892944335938,-0.33048248291015625,1.5892038345336914,-1.6110916137695312,-0.4061851501464844,1.6265068054199219,-0.7202301025390625,-0.30139923095703125,-0.5165596008300781,-0.2427825927734375,-0.408538818359375
2.1425609588623047,-1.0707626342773438,0.188232421875,-1.4617156982421875,0.041290283203125,-0.22236251831054688,-0.95361328125,1.2881088256835938,-0.10840606689453125,1.762669563293457,-1.5239944458007812,-0.04094696044921875,1.7190055847167969,-0.5393142700195312,0.12458038330078125,-0.6101245880126953,-0.187713623046875,-0.13225555419921875
2.152172088623047,-0.7048721313476562,-0.13437461853027344,-1.7947463989257812,-0.4639434814453125,-0.7330055236816406,-1.4031448364257812,0.8031234741210938,-0.6206512451171875,2.028400421142578,-1.1548919677734375,-0.021587371826171875,1.9020633697509766,-0.05437469482421875,0.1178741455078125,-0.6799793243408203,0.127960205078125,-0.46570587158203125
1.647500991821289,-0.47243499755859375,-0.05622291564941406,-1.7463340759277344,-0.4410247802734375,-0.49871826171875,-1.5009765625,0.6853485107421875,-0.45104217529296875,1.6713171005249023,-0.8978805541992188,0.052272796630859375,1.4906558990478516,0.01908111572265625,0.18485260009765625,-0.6428012847900391,0.0144805908203125,-0.26802825927734375
0.9857063293457031,-0.13675689697265625,-0.16695594787597656,-1.5850105285644531,-0.525421142578125,-0.20522689819335938,-1.4229621887207031,0.38477325439453125,-0.1876678466796875,1.5824127197265625,-0.7878036499023438,0.2254486083984375,1.3422927856445312,0.0497894287109375,0.43640899658203125,-0.5254268646240234,-0.07110595703125,0.017833709716796875
1.5767898559570312,-0.44275665283203125,0.9980812072753906,-2.368144989013672,-1.0862274169921875,0.3945503234863281,-2.1430397033691406,0.14720916748046875,0.45223236083984375,1.9159908294677734,-0.910614013671875,1.137115478515625,1.519002914428711,0.227264404296875,1.3415603637695312,-1.1062602996826172,-0.12781524658203125,0.7072334289550781
1.3751640319824219,-0.20015716552734375,0.7095584869384766,-2.0318050384521484,-0.8538055419921875,0.09993743896484375,-1.7662010192871094,0.1327972412109375,0.17025375366210938,1.6497459411621094,-0.5096511840820312,0.7040634155273438,1.2205333709716797,0.43070220947265625,0.9099044799804688,-0.9296798706054688,-0.01889801025390625,0.3838043212890625
0.7487583160400391,-0.022216796875,0.2983207702636719,-1.6401119232177734,-0.6719207763671875,0.08455276489257812,-1.3114166259765625,0.07061767578125,0.14311599731445312,1.3098678588867188,-0.334228515625,0.4568328857421875,0.9351367950439453,0.32183837890625,0.6326675415039062,-0.5887851715087891,-0.0561065673828125,0.32453155517578125
0.3005657196044922,0.06836700439453125,0.023700714111328125,-1.401144027709961,-0.532989501953125,-0.0087738037109375,-0.9283599853515625,0.18538665771484375,0.09119033813476562,0.9587364196777344,-0.20392608642578125,0.2172698974609375,0.6477928161621094,0.27565765380859375,0.37914276123046875,-0.4627418518066406,-0.01451873779296875,0.20528411865234375
0.2441730499267578,0.047027587890625,0.054164886474609375,-1.1917610168457031,-0.4654541015625,-0.0491485595703125,-0.6871871948242188,0.20117950439453125,0.0800933837890625,0.7451019287109375,-0.158599853515625,0.10193634033203125,0.4665679931640625,0.2450714111328125,0.2628631591796875,-0.4402198791503906,0.00749969482421875,0.14479827880859375
0.4358959197998047,-0.028472900390625,0.23836898803710938,-1.0843868255615234,-0.5743026733398438,-0.0723724365234375,-0.550994873046875,0.1289825439453125,0.08903121948242188,0.6673088073730469,-0.1559295654296875,0.1035614013671875,0.39041900634765625,0.21567535400390625,0.23667144775390625,-0.4768486022949219,-0.0186614990234375,0.119049072265625
0.3434925079345703,-0.02063751220703125,0.20535659790039062,-0.8919525146484375,-0.39568328857421875,-0.07792282104492188,-0.4132537841796875,0.04831695556640625,0.05480194091796875,0.5160026550292969,-0.14580535888671875,-0.01184844970703125,0.2900581359863281,0.11450958251953125,0.09575653076171875,-0.34522056579589844,-0.00774383544921875,0.08575439453125
0.24731063842773438,-0.0139312744140625,0.1569976806640625,-0.6463375091552734,-0.24973297119140625,-0.060943603515625,-0.3215675354003906,-0.03586578369140625,0.024677276611328125,0.3782463073730469,-0.151611328125,-0.0965576171875,0.20244598388671875,0.043853759765625,0.014404296875,-0.23642349243164062,-0.00530242919921875,0.0587310791015625
0.2543601989746094,-0.02082061767578125,0.18311309814453125,-0.51568603515625,-0.33635711669921875,-0.05047607421875,-0.24420547485351562,-0.12499237060546875,0.034725189208984375,0.34685516357421875,-0.15779876708984375,-0.09470367431640625,0.17117691040039062,0.0216064453125,0.02112579345703125,-0.23264122009277344,0.00121307373046875,0.05987548828125
0.1793079376220703,-0.010223388671875,0.11395645141601562,-0.4171466827392578,-0.236724853515625,-0.041843414306640625,-0.18895339965820312,-0.114044189453125,0.030117034912109375,0.30483055114746094,-0.17470550537109375,-0.154571533203125,0.14414596557617188,-0.03357696533203125,-0.0352935791015625,-0.1874217987060547,0.00391387939453125,0.0491943359375
0.2596569061279297,-0.01515960693359375,0.19507598876953125,-0.21438980102539062,-0.27896881103515625,-0.00403594970703125,-0.07506942749023438,-0.11590576171875,0.08026885986328125,0.3064594268798828,-0.1956939697265625,-0.13909149169921875,0.13062286376953125,-0.03472900390625,0.00452423095703125,-0.2203388214111328,-0.0037689208984375,0.0662078857421875
0.21897125244140625,-0.00827789306640625,0.151458740234375,-0.13538360595703125,-0.24520111083984375,0.0025634765625,-0.07342910766601562,-0.06352996826171875,0.06305694580078125,0.30788230895996094,-0.24274444580078125,-0.2596893310546875,0.12890625,-0.08081817626953125,-0.05239105224609375,-0.17304229736328125,-0.00040435791015625,0.05469512939453125
0.17169189453125,-0.01213836669921875,0.1241302490234375,-0.06151008605957031,-0.21844482421875,0.01425933837890625,-0.069000244140625,-0.09002685546875,0.05410003662109375,0.22570037841796875,-0.2166595458984375,-0.15880584716796875,0.10747528076171875,-0.109161376953125,-0.0680694580078125,-0.1480255126953125,0.0029296875,0.052398681640625
0.7039222717285156,0.12563323974609375,0.462158203125,0.026662826538085938,-0.4250335693359375,0.09596633911132812,-0.03363037109375,-0.14447021484375,0.16507339477539062,0.5830421447753906,-0.02088165283203125,0.16570281982421875,0.3448600769042969,0.3397979736328125,0.349365234375,-0.20647048950195312,0.14383697509765625,0.16559600830078125
0.6122379302978516,0.17293548583984375,0.38842010498046875,0.043003082275390625,-0.445098876953125,0.12720870971679688,-0.07817840576171875,-0.19617462158203125,0.17411422729492188,0.6342372894287109,0.016998291015625,0.25897979736328125,0.4027290344238281,0.44008636474609375,0.419036865234375,-0.1810283660888672,0.16132354736328125,0.19203948974609375
0.23303985595703125,0.11675262451171875,0.036365509033203125,0.047786712646484375,-0.4146575927734375,0.1416778564453125,-0.16783905029296875,-0.2957763671875,0.15830612182617188,0.5229091644287109,0.0178375244140625,0.27793121337890625,0.3232421875,0.3388671875,0.37206268310546875,-0.193389892578125,0.0735015869140625,0.18206787109375
0.41768646240234375,0.0294189453125,0.3358039855957031,-0.014192581176757812,-0.464111328125,0.21881866455078125,-0.26621246337890625,-0.46097564697265625,0.21982574462890625,0.4360542297363281,0.03365325927734375,0.41732025146484375,0.2505836486816406,0.25698089599609375,0.44004058837890625,-0.2420501708984375,-0.01862335205078125,0.25133514404296875
0.242401123046875,-0.06463623046875,0.25974273681640625,-0.06949043273925781,-0.438690185546875,0.16219711303710938,-0.3385429382324219,-0.5722732543945312,0.14867401123046875,0.2365589141845703,-0.04227447509765625,0.32720947265625,0.10001373291015625,0.10198974609375,0.32818603515625,-0.26027679443359375,-0.110137939453125,0.18541717529296875
0.830841064453125,-0.18331146240234375,0.6945762634277344,-0.20574951171875,-0.43566131591796875,0.20020675659179688,-0.4482383728027344,-0.6352691650390625,0.1705169677734375,0.008411407470703125,-0.14495086669921875,0.32738494873046875,-0.07517623901367188,-0.0590362548828125,0.3109130859375,-0.3094482421875,-0.20093536376953125,0.21833038330078125
0.340972900390625,-0.5840072631835938,0.20769500732421875,-0.30886077880859375,-0.1905670166015625,-0.07220458984375,-0.5257301330566406,-0.62005615234375,-0.030315399169921875,-0.6966648101806641,-0.7415618896484375,-0.30698394775390625,-0.6974220275878906,-0.7740554809570312,-0.24156951904296875,-0.6726341247558594,-0.7332305908203125,-0.11853790283203125
-0.41768646240234375,-0.35968780517578125,0.3919181823730469,-0.5189151763916016,-0.497039794921875,0.11342239379882812,-0.6176719665527344,-0.9795761108398438,0.03714752197265625,-0.7208137512207031,-0.1783294677734375,0.26031494140625,-0.6054115295410156,-0.231292724609375,0.2084808349609375,-0.33206939697265625,-0.0901031494140625,0.16234588623046875
-0.820587158203125,-0.7304153442382812,0.39251708984375,-0.7870922088623047,-0.36884307861328125,0.06777191162109375,-0.81866455078125,-0.9354782104492188,0.01573944091796875,-1.5211009979248047,-0.6247482299804688,-0.07170867919921875,-1.2724685668945312,-0.8265151977539062,-0.075958251953125,-0.6167678833007812,-0.44329833984375,0.08229827880859375
-1.5813522338867188,-0.84173583984375,0.01639556884765625,-0.8152408599853516,-0.27374267578125,-0.157958984375,-0.8442611694335938,-1.0135421752929688,-0.23876953125,-2.0715160369873047,-0.5738754272460938,-0.31317138671875,-1.690164566040039,-0.9158554077148438,-0.33855438232421875,-0.6221494674682617,-0.3404083251953125,-0.14612579345703125
-6.243824005126953,-0.12387847900390625,-3.719249725341797,-1.0513114929199219,-0.0917510986328125,0.028316497802734375,-1.079193115234375,-1.17462158203125,-0.07332229614257812,-3.336240768432617,-0.5726547241210938,-0.29055023193359375,-2.740804672241211,-1.1752166748046875,-0.29559326171875,-0.8731765747070312,-0.289886474609375,0.02490997314453125
-4.431854248046875,0.21579742431640625,-2.8252201080322266,-0.7875823974609375,-0.321685791015625,-0.2291259765625,-0.876220703125,-1.0360488891601562,-0.3841438293457031,-2.1213369369506836,-0.21593475341796875,-0.3286895751953125,-1.6732311248779297,-0.6764450073242188,-0.40644073486328125,-0.2628288269042969,-0.09807586669921875,-0.19957733154296875
-3.9079113006591797,-0.17929840087890625,-1.6529960632324219,-1.1678524017333984,-0.6115951538085938,-0.2713127136230469,-1.2568206787109375,-1.26153564453125,-0.4908943176269531,-2.52841854095459,-0.3335418701171875,-0.40057373046875,-2.0119075775146484,-0.907958984375,-0.5311737060546875,-0.33679676055908203,-0.3091278076171875,-0.2556915283203125
-3.5854978561401367,-0.14272308349609375,-0.43966102600097656,-1.0530509948730469,-0.8156051635742188,0.05075836181640625,-1.1768379211425781,-1.508087158203125,-0.14685821533203125,-2.717402458190918,-0.004150390625,0.180938720703125,-2.242494583129883,-0.5984573364257812,0.06573486328125,-0.3926973342895508,-0.09075164794921875,0.08615875244140625
-5.139797210693359,-0.0725250244140625,0.5263710021972656,-1.8082027435302734,-0.9621734619140625,0.6373672485351562,-2.1503448486328125,-2.3897628784179688,0.33020782470703125,-4.201894283294678,0.2026519775390625,0.9566574096679688,-3.539030075073242,-0.7410430908203125,0.7577667236328125,-0.6694183349609375,-0.1778717041015625,0.691925048828125
-6.101651191711426,0.4828338623046875,1.3382759094238281,-2.4931201934814453,-1.2120437622070312,1.2479896545410156,-3.0669898986816406,-2.942413330078125,0.8515396118164062,-4.703923225402832,0.659515380859375,1.8867645263671875,-4.012176513671875,-0.5049362182617188,1.5638656616210938,-0.6470451354980469,-0.17465972900390625,1.2998199462890625
-4.872809410095215,1.3486557006835938,-0.024625778198242188,-1.5349979400634766,-0.00585174560546875,0.16128921508789062,-2.211496353149414,-1.519622802734375,-0.0521392822265625,-4.260603427886963,1.1997833251953125,0.5574874877929688,-3.7049360275268555,-0.07996368408203125,0.1156005859375,-0.7100191116333008,0.00821685791015625,0.15319061279296875
-3.1055755615234375,1.1679534912109375,0.008794784545898438,-1.201624870300293,-0.10483551025390625,0.3007316589355469,-1.8663616180419922,-1.0109786987304688,0.09769821166992188,-2.232529878616333,0.8111495971679688,0.8050079345703125,-1.9309253692626953,-0.03371429443359375,0.31744384765625,-0.22469806671142578,-0.11711883544921875,0.28098297119140625
-3.182255744934082,1.2723541259765625,-0.077850341796875,-1.0533809661865234,0.1077423095703125,-0.15029525756835938,-2.0080108642578125,-1.0238418579101562,-0.28582000732421875,-2.8950839042663574,1.1403732299804688,0.04299163818359375,-2.705211639404297,0.229156494140625,-0.11338043212890625,-0.5170488357543945,-0.006011962890625,-0.1706085205078125
